id,name_fr,name_en
DremoraBoots,Bottes,Boots
MG05RewardAmulet,Amulette de Savos Aren,Savos Aren's Amulet
MG04Reward06,Couronne du mage,Mage's Circlet
DremoraDaedricGauntlets,Gantelets daedras,Daedric Gauntlets
DremoraDaedricCuirass,Armure daedra,Daedric Armor
DremoraDaedricBoots,Bottes daedras,Daedric Boots
ClothesGuardSleep,Vtements,Clothes
crWispShadeShield,Bouclier d'acier,Steel Shield
ArmorTorturerHood,Capuchon de tortionnaire,Torturer's Hood
ArmorSprigganShield,Bouclier de spriggan,Spriggan Shield
MS02ForswornBoots,Bottes des Anciennes divinits,Boots of the Old Gods
MS02ForswornGauntlets,Gantelets des Anciennes divinits,Gauntlets of the Old Gods
MS02ForswornHelmet,Casque des Anciennes divinits,Helmet of the Old Gods
MS02ForswornArmor,Armure des Anciennes divinits,Armor of the Old Gods
ClothesJarl03_var1,Vtement brod,Embroidered Garment
ClothesRadiantRaimentFineClothes01,Vtements raffins de Friperies fantaisie,Radiant Raiment Fine Clothes
ClothesJarl_var2,Tunique raffine,Refined Tunic
ClothesJarl_var1,Robe embellie,Embellished Robes
ClothesJarlGloves,Protge-poignets dors,Gilded Wristguards
CWMission07EvidenceMarkarth,Amulette de Talos grave de Raerek,Raerek's Inscribed Amulet of Talos
FreeformCaravansANecklace,Amulette de la lune,Moon Amulet
FavorKerahRing,Anneau de Calcelmo,Calcelmo's Ring
POIMageIlasTeisRing,Anneau d'Ilas-Tei,Ilas-Tei's Ring
POIMageYisrasNecklace,Collier d'Yisra,Yisra's Necklace
ArmorThievesGuildHelmetPlayerImproved,Capuchon de la Guilde des voleurs,Thieves Guild Hood
ArmorThievesGuildGauntletsPlayerImproved,Gants de la Guilde des voleurs,Thieves Guild Gloves
ArmorThievesGuildCuirassPlayerImproved,Armure de la Guilde des voleurs,Thieves Guild Armor
ArmorThievesGuildBootsPlayerImproved,Bottes de la Guilde des voleurs,Thieves Guild Boots
ArmorGuardHelmetFullHaafingar,Casque de garde de Solitude,Solitude Guard's Helmet
ArmorGuardCuirassSolitude,Armure de garde de Solitude,Solitude Guard's Armor
WERJ06JewelryNecklaceGold,Collier ensorcell,Charmed Necklace
FavorOrcsGauntlets,Les mains du forgeron,The Forgemaster's Fingers
FavorShahveeSymbol,Amulette de Znithar de Shahvee,Shahvee's Amulet of Zenithar
ArmorFalmerGauntlets,Gantelets falmers,Falmer Gauntlets
ArmorFalmerBoots,Bottes falmers,Falmer Boots
ArmorFalmerCuirass,Armure falmer,Falmer Armor
ClothesMythicDawnBoots,Bottes de l'Aube mythique,Mythic Dawn Boots
ClothesMythicDawnGloves,Gants de l'Aube mythique,Mythic Dawn Gloves
ClothesMythicDawnRobes,Robe de l'Aube mythique,Mythic Dawn Robes
SkinChicken,Poulet,Chicken
FavorHelmofWinterhold,Heaume de Fortdhiver,Helm of Winterhold
FavorRoggiShield,Bouclier ancestral de Roggi,Roggi's Ancestral Shield
ArmorCompanionsHelmet,Casque du loup,Wolf Helmet
ArmorFAlmerHelmet,Casque falmer,Falmer Helmet
ClothesCirclet10,Couronne de cuivre orne d'un rubis,Copper and Ruby Circlet
ClothesCirclet09,Couronne de cuivre orne d'une pierre de lune,Copper and Moonstone Circlet
ClothesCirclet08,Couronne d'or orne d'une meraude,Gold and Emerald Circlet
ClothesCirclet07,Couronne de jade orne d'un saphir,Jade and Sapphire Circlet
ClothesCirclet06,Couronne d'argent orne d'un saphir,Silver and Sapphire Circlet
ClothesCirclet05,Couronne de cuivre orne d'un onyx,Copper and Onyx Circlet
ClothesCirclet04,Couronne de cuivre orne d'un saphir,Copper and Sapphire Circlet
ClothesCirclet03,Couronne d'or orne d'un rubis,Gold and Ruby Circlet
ClothesCirclet02,Couronne d'argent orne d'une pierre de lune,Silver and Moonstone Circlet
ClothesCirclet01,Couronne de jade orne d'une meraude,Jade and Emerald Circlet
FavorFridaRing,Anneau de pures mixtures,Ring of Pure Mixtures
ArmorAstrid,Armure de Parjure,Forsworn Armor
ClothesMinerClothesVariant,Vtements de mineur,Miner's Clothes
ClothesBlackSmithVariant,Tablier de forgeron,Blacksmith's Apron
FavorNosterHelmet,Casque de Noster,Noster's Helmet
ArmorBanditHelmet,Casque de fourrure,Fur Helmet
ArmorBanditGauntlets,Gantelets de fourrure,Fur Bracers
ArmorBanditBoots,Chaussures de fourrure,Fur Shoes
ArmorBanditCuirass,Armure de fourrure,Fur Armor
SkinHare,Lapin,Rabbit
FavorIgmundShield,Bouclier de Hrolfdir,Hrolfdir's Shield
MS06ShieldL25,Bouclier de Solitude,Shield of Solitude
DBClothesJesterHatCicero,Chapeau de Cicron,Cicero's Hat
DBClothesJesterGlovesCicero,Gants de Cicron,Cicero's Gloves
DBClothesJesterCicero,Vtements de Cicron,Cicero's Clothes
DBClothesJesterBootsCicero,Bottes de Cicron,Cicero's Boots
MarkarthFreeformTalosAmulet,Amulette de Talos d'Ogmund,Ogmund's Amulet of Talos
ClothesMournerHat,Chapeau de deuil,Mourner's Hat
ClothesMournersClothes,Vtements de deuil,Mourner's Clothes
ClothesUlfricBoots,Bottes d'Ulfric,Ulfric's Boots
ClothesUlfricGauntlets,Gantelets d'Ulfric,Ulfric's Bracers
ClothesUlfric,Vtements d'Ulfric,Ulfric's Clothes
ArmorDragonPriestMaskUltraHelmet,Konahrik,Konahrik
ArmorDragonPriestMaskWoodHelmet,Masque en bois,Wooden Mask
ArmorDragonPriestMaskSteelHelmet,Vokun,Vokun
ArmorDragonPriestMaskMarbleHelmet,Otar,Otar
ArmorDragonPriestMaskIronHelmet,Hevnoraak,Hevnoraak
ArmorDragonPriestMaskOrichalumHelmet,Rahgot,Rahgot
ArmorDragonPriestMaskBronzeHelmet,Krosis,Krosis
ArmorDragonPriestMaskCorondrumHelmet,Volsung,Volsung
ArmorDragonPriestMaskEbonyHelmet,Nahkriin,Nahkriin
ArmorDragonPriestMaskMoonstoneHelmet,Morokei,Morokei
DBArmorHelmetMaskLess,Coule sibylline ouverte,Shrouded Cowl Maskless
DBArmorShortSleeve,Armure sibylline,Shrouded Armor
ExecutionHoodDB,Capuchon d'excution,Execution Hood
MQTorturerHood,Capuchon en cuir,Leather Hood
ClothesChild03,Vtements d'enfant,Child's Clothes
FavorWindhelmViolaRing,Bague en or de Viola,Viola's Gold Ring
dunGauldurAmulet,Amulette de Gauldur,The Gauldur Amulet
dunGauldurAmuletFragmentSaarthal,Fragment de l'amulette de Gauldur,Gauldur Amulet Fragment
ArmorGuardHelmetFullRift,Casque de garde de Faillaise,Riften Guard's Helmet
ArmorGuardHelmetFullPale,Casque de garde du Clos,Pale Guard's Helmet
ArmorGuardHelmetFullWinterhold,Casque de garde de Fortdhiver,Winterhold Guard's Helmet
ArmorGuardHelmetFullHjaalmarch,Casque de garde de Hjaalmarche,Hjaalmarch Guard's Helmet
ArmorGuardHelmetFullFalkreath,Casque de garde d'pervine,Falkreath Guard's Helmet
ArmorGuardHelmetFullWhiterun,Casque de garde de Blancherive,Whiterun Guard's Helmet
ArmorGuardHelmetFullReach,Casque de garde de Markarth,Markarth Guard's Helmet
ArmorGuardCuirassThePale,Armure de garde du Clos,Pale Guard's Armor
ArmorGuardCuirassWinterhold,Armure de garde de Fortdhiver,Winterhold Guard's Armor
ArmorGuardCuirassHjaalmarch,Armure de garde de Hjaalmarche,Hjaalmarch Guard's Armor
ArmorGuardCuirassFalkreath,Armure de garde d'pervine,Falkreath Guard's Armor
ArmorGuardCuirassWhiterun,Armure de garde de Blancherive,Whiterun Guard's Armor
ArmorGuardCuirassMarkarth,Armure de garde de Markarth,Markarth Guard's Armor
ArmorGuardCuirassRiften,Armure de garde de Faillaise,Riften Guard's Armor
ArmorGuardShieldPale,Bouclier de garde du Clos,Pale Guard's Shield
ArmorGuardShieldSolitude,Bouclier de garde de Solitude,Solitude Guard's Shield
ArmorGuardShieldWinterhold,Bouclier de garde de Fortdhiver,Winterhold Guard's Shield
ArmorGuardShieldHjaalmarch,Bouclier de garde de Hjaalmarche,Hjaalmarch Guard's Shield
ArmorGuardShieldFalkreath,Bouclier de garde d'pervine,Falkreath Guard's Shield
ArmorGuardShieldEastmarch,Bouclier de garde de Vendeaume,Windhelm Guard's Shield
ArmorGuardShieldWhiteRun,Bouclier de garde de Blancherive,Whiterun Guard's Shield
ArmorGuardShieldMarkarth,Bouclier de garde de Markarth,Markarth Guard's Shield
ArmorGuardShieldRiften,Bouclier de garde de Faillaise,Riften Guard's Shield
ClothesEmperor,Robe de l'empereur,Emperor's Robes
ClothesChildrenShoes,Chaussures,Shoes
DA16VaerminaRobes,Robe de Vaermina,Vaermina Robes
ArmorShieldofYsgramor,Bouclier d'Ysgramor,Shield of Ysgramor
MQ201PartyOutfit,Vtements festifs,Party Clothes
MQ201PartyBoots,Bottes festives,Party Boots
ArmorThievesGuildKarliahHelmet,Capuchon de Karliah,Karliah's Hood
ArmorThievesGuildKarliahGauntlets,Gants de Karliah,Karliah's Gloves
ArmorThievesGuildKarliahCuirass,Armure de Karliah,Karliah's Armor
ArmorThievesGuildKarliahBoots,Bottes de Karliah,Karliah's Boots
ArmorThievesGuildVariant02Helmet,Thieves Guild Hood Alt,Thieves Guild Hood Alt
ArmorThievesGuildVariantHelmet,Thieves Guild Variant Hood,Thieves Guild Variant Hood
ArmorThievesGuildVariantGauntlets,Thieves Guild Variant Gloves,Thieves Guild Variant Gloves
ArmorThievesGuildVariantCuirass,Thieves Guild Variant Armor,Thieves Guild Variant Armor
ArmorThievesGuildVariantBoots,Thieves Guild Variant Boots,Thieves Guild Variant Boots
ArmorThievesGuildLeaderHelmet,Capuchon de matre de guilde,Guild Master's Hood
ArmorThievesGuildLeaderGauntlets,Gants de matre de guilde,Guild Master's Gloves
ArmorThievesGuildLeaderCuirass,Armure de matre de guilde,Guild Master's Armor
ArmorThievesGuildLeaderBoots,Bottes de matre de guilde,Guild Master's Boots
DBArmorHelmetSP,Coule sibylline antique,Ancient Shrouded Cowl
DBArmorGlovesSP,Gants sibyllins antiques,Ancient Shrouded Gloves
DBArmorSP,Armure sibylline antique,Ancient Shrouded Armor
DBArmorBootsSP,Bottes sibyllines antiques,Ancient Shrouded Boots
dunWhiteRiverWatchGauntlets,Mains de fer,Ironhand Gauntlets
DBClothesRedguardHood,Capuchon de Rougegarde,Redguard Hood
DBClothesRedguardClothes,Vtements de Rougegarde,Redguard Clothes
ArmorBoneCrown,Couronne d'os,Jagged Crown
ForswornGauntlets,Gantelets de Parjure,Forsworn Gauntlets
ForswornHelmet,Coiffe de Parjure,Forsworn Headdress
ForswornBoots,Bottes de Parjure,Forsworn Boots
DBArmorGlovesWornPlayable,Gants sybillins uss,Worn Shrouded Gloves
DBArmorHelmetWornPlayable,Coule sibylline use,Worn Shrouded Cowl
ArmorPenitusGauntlets,Gantelets du Penitus Oculatus,Penitus Oculatus Bracers
ArmorPenitusHelmet,Casque du Penitus Oculatus,Penitus Oculatus Helmet
ArmorPenitusBoots,Bottes du Penitus Oculatus,Penitus Oculatus Boots
ArmorPenitusCuirass,Armure du Penitus Oculatus,Penitus Oculatus Armor
ClothesCollegeRobesCommon,Robe de l'Acadmie,College Robes
ClothesCollegeRobesApprentice,Robe couverte de l'Acadmie,Mantled College Robes
ClothesCollegeHood,Capuchon de mage,Mage Hood
dunMistwatchRingSell,Alliance de Fjola,Fjola's Wedding Band
ClavicusVileMask,Masque du Vil Clavicus,Masque of Clavicus Vile
DBArmorBoots,Bottes sibyllines,Shrouded Boots
DBArmorGloves,Gants sibyllins,Shrouded Gloves
DBArmorHelmet,Coule sibylline,Shrouded Cowl
MS11InnocuousAmulet,trange amulette,Strange Amulet
ClothesWenchClothes01,Habits de taverne,Tavern Clothes
ClothesExecutionerRobes,Robe de bourreau,Executioner's Robes
ClothesExecutionerHood,Capuchon de bourreau,Executioner's Hood
ClothesExecutionerGloves,Gants,Gloves
DBClothesHandWraps,Bandages sibyllins,Shrouded Hand Wraps
DBClothesHood,Capuchon sibyllin,Shrouded Hood
DBClothesRobes,Robe sibylline,Shrouded Robes
DBClothesShoes,Chaussures sibyllines,Shrouded Shoes
SkinReinDeer,Renne,ReinDeer
DBArmorBootsWornPlayable,Bottes sybillines uses,Worn Shrouded Boots
DBArmorWornPlayable,Armure sybilline use,Worn Shrouded Armor
ClothesFineHat02,Chapeau raffin,Fine Hat
ClothesFineBoots02,Bottes raffines,Fine Boots
ClothesFineClothes02,Vtements raffins,Fine Clothes
ArmorCompanionsGauntlets,Gantelets du loup,Wolf Gauntlets
ArmorCompanionsBoots,Bottes du loup,Wolf Boots
ClothesJarlShoes03,Bottes  revers,Cuffed Boots
ClothesJarl03,Vtement raffin,Fine Raiment
DBClothesJesterGloves,Gants de bouffon,Jester's Gloves
DBClothesJesterHat,Chapeau de bouffon,Jester's Hat
DBClothesJesterBoots,Bottes de bouffon,Jester's Boots
DBClothesJester,Vtements de bouffon,Jester's Clothes
ReligiousArkayLifeDeath,Amulette d'Arkay,Amulet of Arkay
ReligiousTalosMankind,Amulette de Talos,Amulet of Talos
ReligiousStendarrMercy,Amulette de Stendarr,Amulet of Stendarr
AncientNordAmulet,Amulette nordique antique,Ancient Nord Amulet
ArmorCompanionsCuirass,Armure du loup,Wolf Armor
MS11NecromancerAmulet,Amulette de ncromancien,Necromancer Amulet
ReligiousMaraLove,Amulette de Mara,Amulet of Mara
ReligiousKynarethAir,Amulette de Kynareth,Amulet of Kynareth
ReligiousJulianosMagic,Amulette de Julianos,Amulet of Julianos
ReligiousDibellaBeauty,Amulette de Dibella,Amulet of Dibella
ElderCouncilAmulet,Amulette du Conseil des Anciens,Amulet of the Elder Council
ReligiousAkatoshTime,Amulette d'Akatosh,Amulet of Akatosh
SheogorathBoots,Bottes de Shogorath,Sheogorath Boots
SheogorathOutfit,Tenue de Shogorath,Sheogorath Outfit
ClothesWarlockRobes,Robe de mage noire,Black Mage Robes
ClothesWarlockHoodUnplayable,Capuchon de mage noir,Black Mage Hood
MarriageBondofMatrimony,Les liens du mariage,The Bond of Matrimony
SkinCowPainted,HighlandCow,HighlandCow
ClothesNecromancerRobes,Robe de ncromancien,Necromancer Robes
MS05TempGeneralTulliusCoat,TAKEMETempTulliusCoat,TAKEMETempTulliusCoat
ArmorTsunBoots,Bottes de Tsun,Tsun's Boots
ArmorTsunCuirass,Armure de Tsun,Tsun's Armor
ClothesMonkRobes,Robe de moine,Monk Robes
dunDeepwoodBoots,Grce du prdateur,Predator's Grace
ClothesRobesBlue,Robe bleue,Blue Robes
ClothesPrisonerRags,Pantalon us,Ragged Trousers
ClothesPrisonerShoes,Bandages de pieds,Footwraps
ClothesPrisonerTunic,Tunique de jute,Roughspun Tunic
SkinBearCave,Ours troglodyte,Cave Bear
SkinBearWhite,Ours des neiges,Snow Bear
ArmorDraugrCuirass,Armure nordique antique,Ancient Nord Armor
ArmorDraugrGauntlets,Gantelets nordiques antiques,Ancient Nord Gauntlets
ArmorDraugrHelmet,Casque nordique antique,Ancient Nord Helmet
ArmorDraugrBoots,Bottes nordiques antiques,Ancient Nord Boots
ClothesCollegeBootsApprenticeVariant1,Bottes de l'Acadmie,College Boots
DBSilverRing,Anneau de Muiri,Muiri's Ring
DBJeweledAmulet,Amulette orne,Jeweled Amulet
ClothesArmBandages,Bandage de bras,Arm Bandages
ClothesHeadBandages,Bandage de tte,Head bandages
ClothesChefHat,Toque de cuisinier,Chef's Hat
ClothesChef,Tunique de cuisinier,Chef's Tunic
PrisonerCuffsSolitude,Menottes de prisonnier,Prisoner's Cuffs
DremoraRobesBlack,Robe noire,Black Robes
DEMOArmorIronHelmet,Casque de fer,Iron Helmet
ArmorStormcloakCuirassSleeves,Cuirasse de Sombrage,Stormcloak Cuirass
ArmorStormcloakBoots,Bottes de fourrure,Fur Boots
ArmorStormcloakGauntlets,Gantelets de fourrure,Fur Gauntlets
ArmorStormcloakHelmetFull,Casque de Sombrage,Stormcloak Helmet
TGAmuletofArticulation01,Amulette d'articulation,Amulet of Articulation
dunMovarthsBoots,Bottes de Movarth,Movarth's Boots
ArmorImperialHelmetFull,Casque imprial,Imperial Helmet
WhiterunArkayAmulet,Amulette d'Arkay d'Andurs,Andurs' Amulet of Arkay
MGR02Gloves02,Gants de concentration,Focusing Gloves
JewelryNecklaceSilver,Collier d'argent,Silver Necklace
SkinHorker,Horqueur,Horker
ArmorElvenCuirass,Armure elfique,Elven Armor
ReligiousZenitharCommerce,Amulette de Znithar,Amulet of Zenithar
JewelryNecklaceGoldGems,Collier d'or orn,Gold Jeweled Necklace
JewelryNecklaceSilverGems,Collier d'argent orn,Silver Jeweled Necklace
JewelryNecklaceSilverEmerald,Collier d'argent et d'amthyste,Silver Emerald Necklace
JewelryNecklaceSilverSapphire,Collier d'argent et de saphir,Silver Sapphire Necklace
JewelryNecklaceGoldDiamond,Collier d'or et de diamant,Gold Diamond Necklace
JewelryNecklaceGoldRuby,Collier d'or et de rubis,Gold Ruby Necklace
JewelryNecklaceGold,Collier d'or,Gold Necklace
JewelryRingGoldSapphire,Anneau d'or et de saphir,Gold Sapphire Ring
JewelryRingGoldEmerald,Anneau d'or et d'meraude,Gold Emerald Ring
JewelryRingGoldDiamond,Anneau d'or et de diamant,Gold Diamond Ring
JewelryRingSilverRuby,Anneau d'argent et de rubis,Silver Ruby Ring
JewelryRingSilverGarnet,Anneau d'argent et de grenat,Silver Garnet Ring
JewelryRingSilverAmethyst,Anneau d'argent et d'amthyste,Silver Amethyst Ring
ClothesThalmorrobes,Robe de Thalmor,Thalmor Robes
ClothesThalmorGloves,Gants de Thalmor,Thalmor Gloves
ClothesThalmorBoots,Bottes de Thalmor,Thalmor Boots
ClothesPsiijicGloves,Gants psijiques,Psiijic Gloves
ClothesPsiijicBoots,Bottes psijiques,Psiijic Boots
ClothesPsiijicHood,Capuchon psijique,Psiijic Hood
ClothesPsiijicRobes,Robe psijique,Psiijic Robes
ClothesWeddingWreath,Couronne de marie,Wedding Wreath
ClothesWeddingSandals,Sandales de marie,Wedding Sandals
ClothesWeddingDress,Robe de marie,Wedding Dress
ClothesNocturnalHat,Chapeau de Nocturne,Nocturnal's Hat
ClothesNocturnal,Vtements de Nocturne,Nocturnal's Clothes
ClothesJarlGloves02,Protge-bras raffins,Fine Armguards
ClothesJarlShoes02,Chaussures plisses,Pleated Shoes
ClothesJarl02,Manteau orn de fourrure,Fur-Trimmed Cloak
ArmorStormcloakBearHelmet,Casque d'officier des Sombrages,Stormcloak Officer Helmet
ArmorStormcloakBearGauntlets,Gantelets d'officier des Sombrages,Stormcloak Officer Bracers
ArmorStormcloakBearBoots,Bottes d'officier des Sombrages,Stormcloak Officer Boots
ArmorStormcloakBearCuirass,Armure d'officier des Sombrages,Stormcloak Officer Armor
SkinBearBrown,Ours brun,Brown Bear
SkinDwarvenSteamCenturion,DwarvenSteamCenturion,DwarvenSteamCenturion
TemplateClothesMageRobesCommon,Robe de mage,Mage Robes
TGTQ04Locket,Mdaillon de Fjotli,Fjotli's Silver Locket
ClothesMGRobesArchmage,Robe d'archimage,Archmage's Robes
ClothesRedguardHood,Capuchon d'Alik'r,Alik'r Hood
ClothesRedguardClothes,Atours de Lenclume,Hammerfell Garb
ClothesRedguardBoots,Bottes de Rougegarde,Redguard Boots
crArmorDwarvenSphereBowDummyObject,Bouclier dwemer,Dwarven Shield
TG00MadesiRing,Anneau d'argent de Madesi,Madesi's Silver Ring
SkinDeer,Elkmale,Elkmale
SkinDeerMale,lan,Elk
SkinMammothBranded,Mammouth,Branded Mammoth
SkinMammothWild,Mammouth sauvage,Wild Mammoth
MG02Ring01,Anneau enchant,Enchanted Ring
SkinGoatDomestic,Chvre,Goat
HMDNecklace,Collier de Grosta,Grosta's Necklace
DBNightweaversBand,Bague du Tissombre,Nightweaver's Band
FFI02ReydaNecklace,Collier de Reyda,Reyda's Necklace
ArmorNightingaleHelmet,Capuchon de Rossignol,Nightingale Hood
ArmorNightingaleGauntlets,Gants de Rossignol,Nightingale Gloves
ArmorNightingaleCuirass,Armure de Rossignol,Nightingale Armor
ArmorNightingaleBoots,Bottes de Rossignol,Nightingale Boots
ClothesJarlShoes,Bottes doubles de fourrure,Fur-lined Boots
ClothesJarl,Habits de noble,Noble Clothes
GeneralTulliusArmor,Armure du gnral Tullius,General Tullius' Armor
ArmorFalmerShield,Bouclier falmer,Falmer Shield
SkinChaurus,Chaurus,Chaurus
DA02Armor,Cotte d'bonite,Ebony Mail
MS02SilverBloodRing,Chevalire des Sang-d'Argent,Silver-Blood Family Ring
ArmorBladesShield,Bouclier de Lame,Blades Shield
ArmorBladesHelmet,Casque de Lame,Blades Helmet
ArmorBladesGauntlets,Gantelets de Lame,Blades Gauntlets
ArmorBladesCuirass,Armure de Lame,Blades Armor
ArmorBladesBoots,Bottes de Lame,Blades Boots
DA13Spellbreaker,Parasortis,Spellbreaker
ClothesMerchantHat,Chapeau,Hat
ClothesFarmClothes03Hat,Capuche,Cowl
ClothesBeggarBoots,Bottes uses,Ragged Boots
ClothesBeggarRobes,Robe use,Ragged Robes
ClothesBeggarHat,Bonnet us,Ragged Cap
JewelryRingSilver,Anneau d'argent,Silver Ring
ClothesRobesGreybeardBoots,Bottes de Grise-barbe,Greybeard's Boots
ClothesRobesGreybeardHood,Capuchon de Grise-barbe,Greybeard's Hood
ClothesRobesGreybeardTunic,Robe de Grise-barbe,Greybeard's Robes
ArmorLeatherCuirass,Armure de cuir,Leather Armor
SU02IronShield,Bouclier familial,Family Shield
DunYngolBarrowSteelPlateHelmet,Casque d'Yngol,Helm of Yngol
SkinDraugrMale07,Peau de draugr,Draugr Skin
DA11RingofNamira,Anneau de Namira,Ring of Namira
DA05SaviorsHide,Peau du Sauveur,Savior's Hide
DA05HircinesRing,Bague d'Hircine,Ring of Hircine
MGR02Gloves,Gants d'harmonie mystique,Mystic Tuning Gloves
MG02Amulet,Amulette de Saarthal,Saarthal Amulet
JewelryRingGold,Anneau d'or,Gold Ring
ClothesFarmClothes01,Tunique avec ceinture,Belted Tunic
ArmorScaledCuirassB,Armure de corne  cailles,Scaled Horn Armor
ArmorScaledCuirass,Armure d'cailles,Scaled Armor
ArmorStuddedCuirass,Armure cloute,Studded Armor
ArmorScaledHelmet,Casque d'cailles,Scaled Helmet
ArmorScaledGauntlets,Gantelets d'cailles,Scaled Bracers
ArmorScaledBoots,Bottes d'cailles,Scaled Boots
ArmorImperialLightHelmet,Casque imprial lger,Imperial Light Helmet
ArmorImperialLightGauntlets,Gantelets impriaux lgers,Imperial Light Bracers
ArmorImperialLightCuirass,Armure impriale lgre,Imperial Light Armor
ArmorImperialStuddedCuirass,Armure impriale cloute,Studded Imperial Armor
ArmorImperialLightBoots,Bottes impriales lgres,Imperial Light Boots
ArmorImperialLightShield,Bouclier imprial lger,Imperial Light Shield
ArmorDaedricShield,Bouclier daedra,Daedric Shield
ArmorDaedricHelmet,Casque daedra,Daedric Helmet
ArmorDragonplateHelmet,Casque pendragon,Dragonplate Helmet
ArmorDragonplateShield,Bouclier pendragon,Dragonplate Shield
ArmorDragonplateGauntlets,Gantelets pendragon,Dragonplate Gauntlets
ArmorDragonplateCuirass,Armure pendragon,Dragonplate Armor
ArmorDragonplateBoots,Bottes pendragon,Dragonplate Boots
ArmorEbonyShield,Bouclier d'bonite,Ebony Shield
ArmorEbonyHelmet,Casque d'bonite,Ebony Helmet
ArmorEbonyGauntlets,Gantelets d'bonite,Ebony Gauntlets
ArmorEbonyCuirass,Armure d'bonite,Ebony Armor
ArmorEbonyBoots,Bottes d'bonite,Ebony Boots
ArmorSteelPlateHelmet,Casque de plates,Steel Plate Helmet
ArmorSteelPlateGauntlets,Gantelets de plates,Steel Plate Gauntlets
ArmorSteelPlateCuirass,Armure de plates,Steel Plate Armor
ArmorSteelPlateBoots,Bottes de plates,Steel Plate Boots
ArmorOrcishHelmet,Casque orque,Orcish Helmet
ArmorOrcishGauntlets,Gantelets orques,Orcish Gauntlets
ArmorOrcishCuirass,Armure orque,Orcish Armor
ArmorOrcishBoots,Bottes orques,Orcish Boots
ArmorSteelHelmetA,Casque d'acier,Steel Helmet
ArmorSteelGauntletsA,Gantelets nordiques en acier,Steel Nordic Gauntlets
ArmorSteelCuirassA,Armure d'acier,Steel Armor
ArmorSteelBootsA,Bottes  revers en acier,Steel Cuffed Boots
ArmorDwarvenHelmet,Casque dwemer,Dwarven Helmet
ArmorDwarvenGauntlets,Gantelets dwemers,Dwarven Gauntlets
ArmorDwarvenCuirass,Armure dwemer,Dwarven Armor
ArmorDwarvenBoots,Bottes dwemers,Dwarven Boots
ArmorIronBandedShield,Bouclier  bandes,Banded Iron Shield
ArmorIronBandedCuirass,Armure  bandes,Banded Iron Armor
ArmorOrcishShield,Bouclier orque,Orcish Shield
ArmorDragonscaleShield,Bouclier draconique,Dragonscale Shield
ArmorDragonscaleHelmet,Casque draconique,Dragonscale Helmet
ArmorDragonscaleGauntlets,Gantelets draconiques,Dragonscale Gauntlets
ArmorDragonscaleCuirass,Armure draconique,Dragonscale Armor
ArmorDragonscaleBoots,Bottes draconiques,Dragonscale Boots
ArmorGlassShield,Bouclier de verre,Glass Shield
ArmorGlassHelmet,Casque de verre,Glass Helmet
ArmorGlassGauntlets,Gantelets de verre,Glass Gauntlets
ArmorGlassCuirass,Armure de verre,Glass Armor
ArmorGlassBoots,Bottes de verre,Glass Boots
ArmorElvenGildedCuirass,Armure dore,Elven Gilded Armor
ArmorLeatherHelmet,Casque de cuir,Leather Helmet
ArmorLeatherGauntlets,Gantelets de cuir,Leather Bracers
ArmorLeatherBoots,Bottes de cuir,Leather Boots
ArmorElvenShield,Bouclier elfique,Elven Shield
ArmorElvenHelmet,Casque elfique,Elven Helmet
ArmorElvenGauntlets,Gantelets elfiques,Elven Gauntlets
ArmorElvenBoots,Bottes elfiques,Elven Boots
ArmorHideShield,Bouclier en peau,Hide Shield
ArmorHideHelmet,Casque en peau,Hide Helmet
ArmorHideGauntlets,Gantelets en peau,Hide Bracers
ArmorHideCuirass,Armure en peau,Hide Armor
ArmorHideBoots,Bottes en peau,Hide Boots
ArmorImperialBoots,Bottes impriales,Imperial Boots
ArmorImperialCuirass,Armure impriale,Imperial Armor
ArmorImperialGauntlets,Gantelets impriaux,Imperial Bracers
ArmorImperialHelmetOfficer,Casque d'officier imprial,Imperial Officer's Helmet
ArmorImperialShield,Bouclier imprial,Imperial Shield
ArmorIronShield,Bouclier de fer,Iron Shield
ArmorIronBoots,Bottes de fer,Iron Boots
ArmorIronCuirass,Armure de fer,Iron Armor
ArmorIronGauntlets,Gantelets de fer,Iron Gauntlets
TemplateClothesRobesMageMaster,Robe de matre,Master Robes
TemplateClothesRobesMageExpert,Robe d'expert,Expert Robes
TemplateClothesRobesMageApprenticeHood,Capuchon d'apprenti,Apprentice Hood
TemplateClothesRobesMageNovice,Robe de novice,Novice Robes
ClothesMonkRobesColorRed,Robe rouge,Red Robes
ClothesMonkRobesColorGrey,Robe grise,Grey Robes
ClothesMonkRobesColorGreen,Robe verte,Green Robes
ClothesMonkRobesColorBrown,Robe marron,Brown Robes
ClothesMonkRobesColorGreenHooded,Robe verte  capuchon,Hooded Green Robes
ClothesMonkRobesColorRedHooded,Robe rouge  capuchon,Hooded Red Robes
ClothesMonkRobesColorGreyHooded,Robe grise  capuchon,Hooded Grey Robes
ClothesMonkRobesColorBrownHooded,Robe marron  capuchon,Hooded Brown Robes
TemplateClothesRobesMageNoviceHood,Capuchon de novice,Novice Hood
TemplateClothesRobesMageAdeptHood,Capuchon de spcialiste,Adept Hood
TemplateClothesRobesMageApprentice,Robe d'apprenti,Apprentice Robes
TemplateClothesRobesMageAdept,Robe de spcialiste,Adept Robes
ClothesThalmorRobesHooded,Robe de Thalmor  capuchon,Hooded Thalmor Robes
dunRatwayBrawlerGloves,Gants du Pugiliste,Gloves of the Pugilist
ArmorLinweHelmet,Capuchon de Linwe,Linwe's Hood
ArmorLinweGauntlets,Gants de Linwe,Linwe's Gloves
ArmorLinweCuirass,Armure de Linwe,Linwe's Armor
ArmorLinweBoots,Bottes de Linwe,Linwe's Boots
ArmorSummersetShadowsGuildHelmet,Capuchon des ombres de l'automne,SummersetShadowsHood
ArmorSummersetShadowsGuildGauntlets,Gants des Ombres de l'Automne,Summerset Shadows Gloves
ArmorSummersetShadowsGuildCuirass,Armure des Ombres de l'Automne,Summerset Shadows Armor
ArmorSummersetShadowsGuildBoots,Bottes des Ombres de l'Automne,Summerset Shadows Boots
dunHunterRewardAmulet,Symbole de Kyne,Kyne's Token
ArmorManakin,Manakin,Manakin
ClothesNecromancerRobesHooded,Robe  capuche du Ncromancien,Hooded Necromancer Robes
ClothesWarlockRobesHooded,Robe  capuche du Mage noir,Hooded Black Mage Robes
TemplateClothesMageRobesApprenticeHooded,Robe  capuche de mage,Hooded Mage Robes
ClothesRobesBlueHooded,Robe bleue  capuche,Hooded Blue Robes
ClothesRobesBlackHooded,Robe noire  capuche,Hooded Black Robes
ClothesMonkRobesHooded,Robe  capuche de moine,Hooded Monk Robes
MS11WoundArivanya,Test - Blessure,wound test
ArmorElvenLightHelmet,Casque lger elfique,Elven Light Helmet
ArmorElvenLightGauntlets,Gants lgers elfiques,Elven Light Gauntlets
ArmorElvenLightCuirass,Armure lgre elfique,Elven Light Armor
ArmorElvenLightBoots,Bottes lgres elfiques,Elven Light Boots
ArmorEastmarchHelmetFull,Casque de garde d'Estemarche,Eastmarch Guard Helmet
SkinWhiteStag,Cerf blanc,WhiteStag
dunTargeOfTheBloodedShield,Targe sanguinaire,Targe of the Blooded
dunLabyrinthianMazeCircletReward,Diadme du savant,Diadem of the Savant
ArmorGag,Couronne d'Ulfric,Ulfric's Gag
dunRRHerebanesFortress,Forteresse d'Herebane,Herebane's Fortress
DA05HircinesRingCursed,Bague d'Hircine maudite,Cursed Ring of Hircine
ArmorSteelHelmetB,Casque d'acier  cornes,Steel Horned Helmet
ArmorSteelGauntletsB,Gantelets impriaux d'acier,Steel Imperial Gauntlets
ArmorSteelBootsB,Jambires d'acier,Steel Shin Boots
DBWeddingRing2,Alliance d'Asgeir,Asgeir's Wedding Band
DBWeddingRing1,Alliance de Vittoria,Vittoria's Wedding Band
DBArmorGlovesReward,Gants du passe-partout,Tumblerbane Gloves
DA14DremoraGreatswordFire03,Espadon d'acier de flammes,Steel Greatsword of Scorching
dunFrostmereCryptPaleBlade01,Blafarde,The Pale Blade
ForswornBow,Arc de Parjure,Forsworn Bow
C00GiantClub,Gourdin de gant,Giant Club
ForswornAxe,Hache de Parjure,Forsworn Axe
ExecutionerAxe,Hache du bourreau,Headsman's Axe
StaffTemplateForsworn,Bton de Parjure,Forsworn Staff
dunAngisBow,Arc d'Angi,Angi's Bow
SilverSword,pe d'argent,Silver Sword
ForswornSword,pe de Parjure,Forsworn Sword
TrapDartWeaponDwe06,Dart Trap Weapon,Dart Trap Weapon
StaffSoulTrap,Bton de capture d'me,Staff of Soul Trapping
StaffMagelight,Bton de rayonnement,Staff of Magelight
StaffConjureFrostAtronach,Bton d'Atronach de glace,Staff of the Frost Atronach
StaffTemplateDestruction,Bton de destruction,Destruction Staff
dunMossMotherValdrDagger,Dague porte-bonheur de Valdr,Valdr's Lucky Dagger
dunBlindCliffStaffReward,Oeil de Melka,Eye of Melka
dunLostValleyRedoubtAxe,Geis de Roncecoeur,Briarheart Geis
dunHaltedStreamPoachersAxe,Hache du braconnier,Poacher's Axe
dunLiarsRetreatLonghammer,Longmaillet,The Longhammer
dunHagsEndDagger,Rougpine,Bloodthorn
dunVolunruudEduj,Eduj,Eduj
dunVolunruudOkin,Okin,Okin
dunVolunruudRelic02,pe crmonielle,Ceremonial Sword
dunVolunruudRelic01,Hache crmonielle,Ceremonial Axe
dunDarklightSilviaStaff,Bton de la mgre courrouce,Staff of Hag's Wrath
StaffRepelUndead,Grand bton de flau,Grand Staff of Repulsion
StaffRepelLesserUndead,Bton de flau,Staff of Repulsion
StaffHealOther,Bton de soulagement,Staff of Mending
StaffTurnGreaterUndead,Grand bton de pril,Grand Staff of Turning
StaffTurnUndead,Bton de pril,Staff of Turning
StaffTurnLesserUndead,Faible bton de pril,Minor Staff of Turning
StaffHealingHands,Bton de toucher apaisant,Staff of the Healing Hand
StaffRout,Bton de droute,Staff of Vanquishment
StaffMassCharm,Grand bton d'ensorcellement,Grand Staff of Charming
StaffFrenzy,Bton de frnsie,Staff of Frenzy
StaffRally,Bton d'inspiration,Staff of Inspiration
StaffFear,Bton de peur,Staff of Fear
StaffCalm,Bton calmant,Staff of Calm
StaffFury,Bton de furie,Staff of Fury
StaffCourage,Bton de courage,Staff of Courage
StaffWallofStorms,Bton de mur de foudre,Staff of the Storm Wall
StaffWallofFrost,Bton de mur de glace,Staff of the Frost Wall
StaffWallofFlames,Bton de mur de feu,Staff of the Flame Wall
StaffChainLightning,Bton d'clairs multiples,Staff of Chain Lightning
StaffIceStorm,Bton de tempte de glace,Staff of Ice Storms
StaffFireball,Bton de boule de feu,Staff of Fireballs
StaffExpelDeadra,Bton d'expulsion,Staff of Expulsion
StaffConjureStormAtronach,Bton d'Atronach de foudre,Staff of the Storm Atronach
dunClearspringTarnBowOfHunt,Arc du chasseur,Bow of the Hunt
StaffDreadZombie,Bton de surzombie,Staff of Dread Zombies
dunHalldirsCairnHalldirsStaff,Bton de Halldir,Halldir's Staff
dunRedEagleSwordUpgraded,Furie de l'Aigle carmin,Red Eagle's Bane
dunFolgunthurMikrulSword02,Gauldur Noirlame,Gauldur Blackblade
StaffCommandDeadra,Bton de manipulation de Daedra,Staff of Daedric Command
StaffRevenant,Bton de revenant,Staff of Revenants
StaffBanishDeadra,Bton de bannissement,Staff of Banishing
StaffConjureFlameAtronach,Bton d'Atronach de feu,Staff of the Flame Atronach
StaffReanimateCorpse,Bton de ranimation,Staff of Reanimation
StaffConjureFamiliar,Bton de familier,Staff of the Familiar
StaffRaiseZombie,Bton d'outre-tombe,Staff of Zombies
StaffParalyze,Bton de paralysie,Staff of Paralysis
dunRannveigSildsStaff,Bton de Sild,Sild's Staff
dunVolunruudPickaxe,Hache brche,Notched Pickaxe
dunValthumeDragonPriestStaff,Bton d'Hevnoraak,Hevnoraak's Staff
dunGeirmundSigdisBowIllusion,Arc noir de Gauldur,Gauldur Blackbow
dunRedEagleSwordBase,pe de l'Aigle carmin,Red Eagle's Fury
SkyforgeSteelWarAxe,Hache d'acier de la Forgeciel,Skyforge Steel War Axe
SkyforgeSteelBattleaxe,Hache d'armes d'acier de la Forgeciel,Skyforge Steel Battleaxe
SkyforgeSteelGreatsword,Espadon d'acier de la Forgeciel,Skyforge Steel Greatsword
SkyforgeSteelDagger,Dague d'acier de la Forgeciel,Skyforge Steel Dagger
SkyforgeSteelSword,pe d'acier de la Forgeciel,Skyforge Steel Sword
DBBladeOfWoeReward,Lame de la souffrance,Blade of Woe
dunBluePalaceWabbajack,Wabbajack,Wabbajack
C06BladeOfYsgramor,Wuuthrad,Wuuthrad
dunAnsilvundGhostblade,Phantasme,Ghostblade
FFSteelGreatswordBalgruuf,Espadon de Balgruuf,Balgruuf's Greatsword
MGRKeening,Lamentation,Keening
MGRArniel02Staff,Bton de Tandil,Staff of Tandil
BoundWeaponSwordMystic,pe lie,Bound Sword
BoundWeaponBowMystic,Arc li,Bound Bow
BoundWeaponBattleaxeMystic,Hache d'armes lie,Bound Battleaxe
dunSilentMoonsEnchIronWarAxe03,Hache de fer lunaire,Lunar Iron War Axe
dunSilentMoonsEnchIronSword03,pe de fer lunaire,Lunar Iron Sword
dunSilentMoonsEnchIronMace03,Masse de fer lunaire,Lunar Iron Mace
dunSilentMoonsEnchSteelWarAxe03,Hache d'acier lunaire,Lunar Steel War Axe
dunSilentMoonsEnchSteelSword03,pe d'acier lunaire,Lunar Steel Sword
dunSilentMoonsEnchSteelMace03,Masse d'acier lunaire,Lunar Steel Mace
dunRRHerebanesCourage,Courage d'Herebane,Herebane's Courage
crDwarvenSphereCrossbow,Arbalte de sphre dwemer,Dwarven Sphere Crossbow
StaffTemplateConjuration,Bton de conjuration,Conjuration Staff
StaffTemplateAlteration,Bton d'altration,Alteration Staff
NightingaleBow01,Arc de Rossignol,Nightingale Bow
dunForelhostDragonPriestStaff,Bton de prtre-dragon,Dragon Priest Staff
StaffTemplateIIllusion,Bton d'illusion,Illusion Staff
Scimitar,Cimeterre,Scimitar
NightingaleBlade01,pe de Rossignol,Nightingale Blade
MQ105PhantomSword,pe spectrale,Phantom Sword
FFRiften09Grimsever,Sinistrale,Grimsever
FalmerWarAxeHoned,Hache falmer affte,Honed Falmer War Axe
FalmerSwordHoned,pe falmer affte,Honed Falmer Sword
TrapDweBallistaWeaponR01,Arc de chasse,Hunting Bow
MFDDravinsBow,Arc de Dravin,Dravin's Bow
SSDRocksplinterPickaxe,Briseroc,Rocksplinter
FreeformOldHroldanBSword,pe de Hjalti,Hjalti's Sword
DraugrBowSupple,Arc nordique antique souple,Supple Ancient Nord Bow
MQ304DraugrBattleAxeTsun03,Hache d'armes de Tsun,Tsun's Battle Axe
DraugrWarAxeHoned,Hache draugr affte,Honed Draugr War Axe
DraugrSwordHoned,pe nordique antique affte,Honed Ancient Nord Sword
DraugrGreatswordHoned,Espadon nordique antique afft,Honed Ancient Nord Greatsword
DraugrBattleAxeHoned,Hache d'armes nordique antique affte,Honed Ancient Nord Battle Axe
TG07Chillrend006,Cristalgide,Chillrend
StaffTemplateRestoration,Bton de gurison,Restoration Staff
DA09Dawnbreaker,Aubclat,Dawnbreaker
StaffLightningBolt,Bton d'clair foudroyant,Staff of Lightning Bolts
StaffSparks,Bton d'tincelles,Staff of Sparks
StaffFrostbite,Bton de froid mordant,Staff of Frostbite
StaffFlames,Bton de flammes,Staff of Flames
StaffIceSpike,Bton de stalactite,Staff of Ice Spikes
StaffFirebolt,Bton d'clair enflamm,Staff of Firebolts
dunPinewoodGroveWoodsmansFriend,Bcheronne,The Woodsman's Friend
DA08EbonyBlade,Lame d'bonite,Ebony Blade
MS02Shiv,Surin,Shiv
DA16SkullofCorruption,Crne de la Corruption,Skull of Corruption
DA06Volendrung,Volendrung,Volendrung
DA06Hammer,Marteau de Shagrol,Shagrol's Warhammer
LongBow,Arc long,Long Bow
AkaviriKatana,pe de Lame,Blades Sword
FalmerBow,Arc falmer,Falmer Bow
MG07StaffofMagnus,Bton de Magnus,Staff of Magnus
FalmerWarAxe,Hache falmer,Falmer War Axe
DraugrBow,Arc nordique antique,Ancient Nord Bow
Axe01,Hache de bcheron,Woodcutter's Axe
FalmerSword,pe falmer,Falmer Sword
DraugrGreatsword,Espadon nordique antique,Ancient Nord Greatsword
FXprojectileWorkingExampleWEP,FXdustDropWEP,FXdustDropWEP
DraugrBattleAxe,Hache d'armes nordique antique,Ancient Nord Battle Axe
DA14SanguineRose,Rose sanghine,Sanguine Rose
DA14BrokenRose,Bton cass,Broken Staff
DraugrWarAxe,Hache nordique antique,Ancient Nord War Axe
DraugrSword,pe nordique antique,Ancient Nord Sword
MS06Staff,Bton ncromantique,Necromantic Staff
DA07MehrunesRazor,Dague de Mehrunes,Mehrunes' Razor
DA10MaceofMolagBal,Masse de Molag Bal,Mace of Molag Bal
DA10RustyMace,Masse rouille,Rusty Mace
weapBasicFork01,Fourchette,Fork
weapBasicKnife01,Couteau,Knife
DA03RuefulAxe,Hache du chagrin,The Rueful Axe
T03Nettlebane,Flortie,Nettlebane
DragonPriestDagger,Dague de prtre-dragon,Dragon Priest Dagger
DaedricWarhammer,Marteau daedra,Daedric Warhammer
DaedricSword,pe daedra,Daedric Sword
DaedricMace,Masse daedra,Daedric Mace
DaedricGreatsword,Espadon daedra,Daedric Greatsword
DaedricDagger,Dague daedra,Daedric Dagger
DaedricBow,Arc daedra,Daedric Bow
DaedricBattleaxe,Hache d'armes daedra,Daedric Battleaxe
DaedricWarAxe,Hache daedra,Daedric War Axe
EbonyWarhammer,Marteau d'bonite,Ebony Warhammer
EbonySword,pe d'bonite,Ebony Sword
EbonyMace,Masse d'bonite,Ebony Mace
EbonyGreatsword,Espadon d'bonite,Ebony Greatsword
EbonyDagger,Dague d'bonite,Ebony Dagger
EbonyBow,Arc d'bonite,Ebony Bow
EbonyBattleaxe,Hache d'armes d'bonite,Ebony Battleaxe
EbonyWarAxe,Hache d'bonite,Ebony War Axe
GlassWarhammer,Marteau de verre,Glass Warhammer
GlassSword,pe de verre,Glass Sword
GlassMace,Masse de verre,Glass Mace
GlassGreatsword,Espadon de verre,Glass Greatsword
GlassDagger,Dague de verre,Glass Dagger
GlassBow,Arc de verre,Glass Bow
GlassBattleaxe,Hache d'armes de verre,Glass Battleaxe
GlassWarAxe,Hache de verre,Glass War Axe
ElvenWarhammer,Marteau elfique,Elven Warhammer
ElvenSword,pe elfique,Elven Sword
ElvenMace,Masse elfique,Elven Mace
ElvenGreatsword,Espadon elfique,Elven Greatsword
ElvenDagger,Dague elfique,Elven Dagger
ElvenBow,Arc elfique,Elven Bow
ElvenBattleaxe,Hache d'armes elfique,Elven Battleaxe
ElvenWarAxe,Hache elfique,Elven War Axe
DwarvenWarhammer,Marteau dwemer,Dwarven Warhammer
DwarvenSword,pe dwemer,Dwarven Sword
DwarvenMace,Masse dwemer,Dwarven Mace
DwarvenGreatsword,Espadon dwemer,Dwarven Greatsword
DwarvenDagger,Dague dwemer,Dwarven Dagger
DwarvenBow,Arc dwemer,Dwarven Bow
DwarvenBattleaxe,Hache d'armes dwemer,Dwarven Battleaxe
DwarvenWarAxe,Hache dwemer,Dwarven War Axe
OrcishWarhammer,Marteau orque,Orcish Warhammer
OrcishSword,pe orque,Orcish Sword
OrcishMace,Masse orque,Orcish Mace
OrcishGreatsword,Espadon orque,Orcish Greatsword
OrcishDagger,Dague orque,Orcish Dagger
OrcishBow,Arc orque,Orcish Bow
OrcishBattleaxe,Hache d'armes orque,Orcish Battleaxe
OrcishWarAxe,Hache orque,Orcish War Axe
SteelWarhammer,Marteau d'acier,Steel Warhammer
SteelSword,pe d'acier,Steel Sword
SteelMace,Masse d'acier,Steel Mace
SteelGreatsword,Espadon d'acier,Steel Greatsword
SteelDagger,Dague d'acier,Steel Dagger
SteelBattleaxe,Hache d'armes d'acier,Steel Battleaxe
SteelWarAxe,Hache d'acier,Steel War Axe
IronMace,Masse de fer,Iron Mace
IronWarhammer,Marteau de fer,Iron Warhammer
IronBattleaxe,Hache d'armes de fer,Iron Battleaxe
IronDagger,Dague de fer,Iron Dagger
ImperialBow,Arc imprial,Imperial Bow
IronWarAxe,Hache de fer,Iron War Axe
Imperialsword,pe impriale,Imperial Sword
IronGreatsword,Espadon de fer,Iron Greatsword
GasTrapDummy,GasTrap Dummy,GasTrap Dummy
DemoQuestSword1,pe de stupfaction,Sword of Amazement
IronSword,pe de fer,Iron Sword
MG07DraugrMagicBow,Arc de Vole-sort,Drainspell Bow
MG07DraugrMagicAxe,Francisque de Vole-sang,Drainblood Battleaxe
SummonedDaedricMaceFire06,Masse daedra d'incinration,Daedric Mace of the Inferno
MG07DraugrMagicSword,pe de Vole-coeur,Drainheart Sword
MQ203AkaviriKatana5,Mort-dragon,Dragonbane
StaffIcySpear,Bton de Lance gele,Staff of Icy Spear
StaffThunderbolt,Bton de tonnerre,Staff of Thunderbolts
POIMageBorvirsDagger,Dague de Borvir,Borvir's Dagger
POIMageRundisDagger,Dague de Rundi,Rundi's Dagger
StaffIncinerate,Bton d'incinration,Staff of Incineration
NightingaleBowNPC,Arc de Karliah,Karliah's Bow
DBAlainAegisbane,Thaumartel,Aegisbane
MGRitual05Dagger,Croc de Kahvozein,Kahvozein's Fang
dunMarkarthWizardSpiderControlStaffFake,Baguette d'arachnologie,Spider Control Rod
dunBloatedMansKatana,Sermentire,Bolar's Oathblade
dunHuntersBow,Arc de Froki,Froki's Bow
FavorOengulSword,pe de la reine Freydis,Queen Freydis's Sword
NordHeroGreatsword,Espadon du hros,Nord Hero Greatsword
FavorNelacarStaffFear,Bton de prpotence,Staff of Arcane Authority
dunKatariahScimitar,Aquilon,Windshear
NordHeroSword,pe du hros,Nord Hero Sword
NordHeroBattleAxe,Hache d'armes du hros,Nord Hero Battle Axe
NordHeroWarAxe,Hache du hros,Nord Hero War Axe
NordHeroBow,Arc du hros,Nord Hero Bow
DB05ElvenBow,Trpas de Firiniel,Firiniel's End
FalmerBowSupple,Arc falmer souple,Falmer Supple Bow
DA02Dagger,Lame du sacrifice,Blade of Sacrifice
dunPOITrollsbane,Tueur-de-Trolls,Trollsbane
FavorGhorbashAxe,Hache ancestrale de Ghorbash,Ghorbash's Ancestral Axe
FavorAmrenIronSword,pe familiale d'Amren,Amren's Family Sword
dunCrystalDriftCaveStaff,Bton d'ensorcellement de Gadnor,Gadnor's Staff of Charming
FFRiften13ArkayDagger,Dague d'Alessandra,Alessandra's Dagger
dunGeirmundsWarAxeIllusion,Hache illusoire,Illusory War Axe
dunSaarthalStaffJyrikStaff,Bton de Jyrik Gauldurson,Staff of Jyrik Gauldurson
weapPickaxe,Pioche,Pickaxe
SilverGreatsword,Espadon d'argent,Silver Greatsword
DLC1ArmorDawnguardCuirassLight3,Armure de la Garde de l'aube,Dawnguard Armor
DLC1ArmorDawnguardBootsLight,Bottes de la Garde de l'aube,Dawnguard Boots
DLC1ArmorDawnguardGauntletsLight,Gantelets de la Garde de l'aube,Dawnguard Gauntlets
DLC1ArmorDawnguardCuirassHeavy2,Armure lourde de la Garde de l'aube,Dawnguard Heavy Armor
DLC1IvoryGauntlets,Gantelets falmers anciens,Ancient Falmer Gauntlets
DLC1IvoryCuirass,Cuirasse falmer ancienne,Ancient Falmer Cuirass
DLC1IvoryBoots,Bottes falmers anciennes,Ancient Falmer Boots
DLC1IvoryCrown,Couronne falmer ancienne,Ancient Falmer Crown
DLC1ArmorVampireBoots,Bottes de vampire,Vampire Boots
DLC1ArmorVampireArmorRoyalRed,Armure royale de vampire,Vampire Royal Armor
DLC1nVampireNightPowerNecklaceDrain,Amulette de Ponction de magie,Amulet of Drain Magicka
DLC1VampireNightPowerNecklace4,Amulette de Rflexes surnaturels,Amulet of Supernatural Reflexes
DLC1VampireNightPowerNecklace3,Amulette des chauves-souris,Amulet of Bats
DLC1VampireNightPowerNecklace2,Amulette de Forme brumeuse,Amulet of Mist Form
DLC1VampireNightPowerNecklace1,Amulette d'Empathie,Amulet of the Empath
DLC1VampireBloodMagicRing4,Anneau de Maldiction cadavrique,Ring of Corpse Curse
DLC1VampireBloodMagicRing3,Anneau de gargouille,Ring of the Gargoyle
DLC1VampireBloodMagicRing2,Anneau de Poigne du vampire,Ring of Vampiric Grip
DLC1VampireBloodMagicRing1,Anneau de Ranimation,Ring of Reanimate Corpse
DLC1nVampireNightPowerNecklaceGargoyle,Amulette de gargouille,Amulet of The Gargoyle
DLC01AurielsShieldTEST,Bouclier d'Auriel,Auriel's Shield
DLC1LD_AetherialCrown,Couronne d'aethrium,Aetherial Crown
DLC1LD_AetherialShield,Bouclier d'aethrium,Aetherial Shield
DLC1ArmorFAlmerHardenedHelmet,Casque falmer durci,Falmer Hardened Helm
SkinChaurusFlyer,ChaurusFlyer,ChaurusFlyer
DLC1ReflectingShield,Bouclier rflchissant,Reflecting Shield
DLC1ClothesMothPriestBlindfold,Bandeau de prtre de la Phalne,Moth Priest Blindfold
DLC1ClothesMothPriestSandals,Sandales de prtre de la Phalne,Moth Priest Sandals
DLC1ClothesMothPriestRobes,Robe de prtre de la Phalne,Moth Priest Robes
DLC1ArmorFalmerHardenedGauntlets,Gantelets falmers durcis,Falmer Hardened Gauntlets
DLC1SkinDeerGlow,Chevrette luisante,Glow Deer
DLC1ArmorFalmerHeavyBoots,Bottes lourdes falmer,Falmer Heavy Boots
DLC1ArmorFalmerHeavyGauntlets,Gantelets lourds falmer,Falmer Heavy Gauntlets
DLC1ArmorFAlmerHeavyHelmet,Casque lourd falmer,Falmer Heavy Helm
DLC1ArmorFalmerHeavyCuirass,Armure lourde falmer,Falmer Heavy Armor
DLC1ArmorFalmerHardenedCuirass,Armure falmer durcie,Falmer Hardened Armor
DLC1ArmorFalmerHardenedBoots,Bottes falmers durcies,Falmer Hardened Boots
DLC1nVampireNightPowerNecklaceBloodyGrip,Amulette d'emprise absorbante,Amulet of Draining Grip
DLC1nVampireBloodMagicRingErudite,Anneau d'rudit,Ring of the Erudite
DLC1ArmorDawnguardGauntletsHeavy,Gantelets lourds de la Garde de l'aube,Dawnguard Heavy Gauntlets
DLC1nVampireBloodMagicRingBeast,Anneau bestial,Ring of The Beast
DLC1nVampireBloodMagicRingDrainingClaws,Anneau de griffes d'absorption,Ring of Draining Claws
DLC1SeranaHood,Capuchon de Srana,Serana Hood
DLC1ArmorDawnguardHelmetHeavy,Casque complet de la Garde de l'aube,Dawnguard Full Helmet
DLC1BoneHawkAmulet,Amulette d'aigle osseux,Bone Hawk Amulet
DLC01ReaperBracers,Gantelets de faucheur,Reaper Bracers
DLC1ArmorDawnguardBootsHeavy,Bottes lourdes de la Garde de l'aube,Dawnguard Heavy Boots
DLC01SoulCairnReaperRobe,Robe de faucheur,Reaper's Robes
DLC01SoulCairnReaperHood,Capuchon de faucheur,Reaperr's Hood
DLC1ArmorVampireGauntlets,Gantelets de vampire,Vampire Gauntlets
DLC01ClothesVampireGloves,Gants de vampire,Vampire Gloves
DLC1ArmorShellbugHelmet,Casque de durinsecte,Shellbug Helmet
DLC01ClothesVampire,Robe de vampire,Vampire Robes
DLC01ClothesVampireHood,Capuchon de vampire,Vampire Hood
DLC1ArmorDawnguardHelmetLight,Casque de la Garde de l'aube,Dawnguard Helmet
DLC1ArmorVampireArmorRed,Armure de vampire,Vampire Armor
DLC1JiubNecklace,Mdaillon de Saint Jiub,Locket of Saint Jiub
SkinHuskyBare,Husky en armure,Armored Husky
DLC1LD_ForgemasterSkin,Forgeron,Forgemaster
SkinNakedSnowElf,Elfe des neiges,SnowElf
DLC1VampireLordCape,DLC1VampireLordCape,DLC1VampireLordCape
DLC1ArmorDawnguardShield,Bouclier de la Garde de l'aube,Dawnguard Shield
DLC1BoneHawkRing,Anneau d'aigle osseux,Bone Hawk Ring
DLC1_WESC09TaronsRobes,Robe de Taron Dreth,Taron Dreth's Robes
DLC1DawnguardRuneShield,Bouclier runique,Dawnguard Rune Shield
DLC1ClothesVampireLordArmor,Armure de seigneur vampire,Vampire Lord Armor
DLC1VampireSkeletonFXArmor,FX Vamp Skeleton,FX Vamp Skeleton
DLC1WrathmanBattleaxe,Hache d'armes d'os de dragon,Dragonbone Battleaxe
DLC1WrathmanGreatsword,Espadon d'os de dragon,Dragonbone Greatsword
DLC1HarkonsSword,pe d'Harkon,Harkon's Sword
DLC1DragonboneSwordKeeper06,pe d'os de dragon,Dragonbone Sword
DLC1DragonboneBowKeeper06,Arc d'os de dragon,Dragonbone Bow
DLC1WrathmanWarhammer,Marteau d'os de dragon,Dragonbone Warhammer
DLC1DragonboneMaceKeeper06,Masse d'os de dragon,Dragonbone Mace
DLC1RuunvaldStaff,Bton de Ruunvald,Staff of Ruunvald
DLC1AkaviriSword,pe akaviroise,Akaviri Sword
testVorpalSword,Test pe vorpale,Test Vorpal Sword
DLC1PrelateMace,Masse de Prlat,Prelate's Mace
DLC1DawnguardRuneAxe,Hache runique de la Garde de l'aube,Dawnguard Rune Axe
DLC1DragonboneWarAxe,Hache d'os de dragon,Dragonbone War Axe
DLC1FrostGiantClub,Gourdin de gant de glace,Frost Giant Club
DLC1DragonboneDagger,Dague d'os de dragon,Dragonbone Dagger
DLC1LD_AetheriumCrestNP,Symbole d'aethrium,Aetherium Crest
DLC1DawnguardRuneHammer,Marteau runique de la Garde de l'aube,Dawnguard Rune Hammer
DLC1DwarvenCrossBowEnhanced,Arbalte dwemer amliore,Enhanced Dwarven Crossbow
DLC1CrossBowEnhanced,Arbalte amliore,Enhanced Crossbow
DLC1DawnguardHammer,Marteau de la Garde de l'aube,Dawnguard Warhammer
DLC1DawnguardAxe,Hache de la Garde de l'aube,Dawnguard War Axe
DLC1LD_KatriaBow,Zphyr,Zephyr
DLC1DwarvenCrossBow,Arbalte dwemer,Dwarven Crossbow
DLC1LD_AetherialStaff,Bton d'aethrium,Aetherial Staff
TestEnchantAxe,Hache de verre d'ingestion,Glass War Axe of Consuming
DLC1StaffFalmerTemplate,Bton falmer,Falmer Staff
DLC1CrossBow,Arbalte,Crossbow
DLC1AurielsBow,Arc d'Auriel,Auriel's Bow
BYOHWoodenSword,pe en bois,Wooden Sword
DLC2TGArmorVariantBoots,Bottes de Gardenoir,Blackguard's Boots
DLC2TGArmorVariantCuirass,Armure de Gardenoir,Blackguard's Armor
DLC2TGArmorVariantGloves,Gants de Gardenoir,Blackguard's Gloves
DLC2TGArmorVariantHood,Capuchon de Gardenoir,Blackguard's Hood
DLC2MiraakMaskNew,Miraak,Miraak
DLC2MoragTongHood,Capuchon de Morag Tong,Morag Tong Hood
DLC2MoragTongGauntlets,Gantelets de Morag Tong,Morag Tong Bracers
DLC2MoragTongCuirass,Armure de Morag Tong,Morag Tong Armor
DLC2MKMiraakFightRobes4,Robe de Miraak,Miraak's Robes
DLC2MoragTongBoots,Bottes de Morag Tong,Morag Tong Boots
DLC2MKMiraakFightMask6,Masque de Miraak,Miraak's Mask
DLC2HMKillsMiraak,Word Chest,Word Chest
DLC2_DetectLifeBox,Sanglier,Boar
DLC2TemplePriestHood,Capuchon de prtre du Temple,Temple Priest Hood
DLC2TemplePriestBoots,Bottes de prtre du Temple,Temple Priest Boots
DLC2ArmorBonemoldImprovedCuirass,Armure d'ostalium amliore,Improved Bonemold Armor
DLC2ArmorBonemoldImprovedBoots,Bottes d'ostalium amliores,Improved Bonemold Boots
DLC2ArmorBonemoldImprovedShield,Bouclier d'ostalium amlior,Improved Bonemold Shield
DLC2ArmorBonemoldImprovedHelmet,Casque d'ostalium amlior,Improved Bonemold Helmet
DLC2ArmorBonemoldImprovedGauntlets,Gantelets d'ostalium amliors,Improved Bonemold Gauntlets
DLC2ClothesMiraakBoots,Bottes de Miraak,Miraak's Boots
DLC2SkaalAmulet,Amulette skaal,Skaal Amulet
DLC2ClothesSkaalHat,Chapeau de Skaal,Skaal Hat
DLC2ClothesSkaalBoots,Bottes de Skaal,Skaal Boots
DLC2ClothesSkaalGloves,Gants de Skaal,Skaal Gloves
DLC2ClothesSkaalCoat,Manteau de Skaal,Skaal Coat
DLC2dunFahlbtharzDwarvenHelmet,Visage de Mzund,Visage of Mzund
DLC2_SkinMountedRiekling_VariantG,BoarRiekling,BoarRiekling
DLC2dunHaknirArmorHelmNP,Casque du Balafr,Deathbrand Helm
DLC2dunHaknirArmorGauntletsNP,Gantelets du Balafr,Deathbrand Gauntlets
DLC2dunHaknirArmorCuirassNP,Armure du Balafr,Deathbrand Armor
DLC2NetchCalfSkin,Peau de jeune netch,NetchCalfSkin
DLC2dunHaknirArmorBootsNP,Bottes du Balafr,Deathbrand Boots
DLC2ClothesCultistBoots,Bottes d'adepte,Cultist Boots
DLC2ClothesCultistGauntlets,Gants d'adepte,Cultist Gloves
DLC2ClothesCultistRobes,Robe d'adepte,Cultist Robes
DLC2CultistMask,Masque d'adepte,Cultist Mask
DLC2GeneralCariusArmor,Armure du gnral Carius,General Carius' Armor
DLC2IldariRobes,Robe des Telvanni,Telvanni Robes
DLC2dunFrostmoonRingHunt,Anneau de la Chasse,Ring of the Hunt
DLC2dunFrostmoonRingMoon,Anneau lunaire,Ring of the Moon
DLC2dunFrostmoonRingInstinct,Anneau d'instinct,Ring of Instinct
DLC2dunFrostmoonRingBloodlust,Anneau sanguinaire,Ring of Bloodlust
DLC2SkinAshGuardian,Gardien des cendres,Ash Guardian
DLC2EastEmpireCompanyAmulet,Amulette de la Compagnie de l'Empire oriental,East Empire Company Amulet
DLC2ArmorStalhrimShield,Bouclier de stalhrim,Stalhrim Shield
DLC2ArmorNordicShield,Bouclier nordique,Nordic Shield
DLC2ArmorChitinShield,Bouclier de chitine,Chitin Shield
DLC2ArmorBonemoldShield,Bouclier d'ostalium,Bonemold Shield
DLC2RRF05EECNecklace,Pendentif de l'Empire oriental,East Empire Pendant
DLC2ArmorAcolyteMaskFrost,Dukaan,Dukaan
DLC2ArmorAcolyteMaskFire,Ahzidal,Ahzidal
DLC2ArmorAcolyteMaskShock,Zahkriisos,Zahkriisos
DLC2NetchSkin,Peau de netch,NetchSkin
SkinHMDaedra,HMDaedra,HMDaedra
DLC2dunKolbjornRingArcana,Anneau d'arcane d'Ahzidal,Ahzidal's Ring of Arcana
DLC2dunKolbjornRingNecromancy,Anneau de ncromancie d'Ahzidal,Ahzidal's Ring of Necromancy
DLC2dunKolbjornGauntlets,Gantelets de protection d'Ahzidal,Ahzidal's Gauntlets of Warding
DLC2dunKolbjornHelm,Heaume de vision d'Ahzidal,Ahzidal's Helm of Vision
DLC2dunKolbjornCuirass,Armure du chtiment d'Ahzidal,Ahzidal's Armor of Retribution
DLC2TemplePriestRobes,Robe de prtre du Temple,Temple Priest Robes
DLC2DarkElfOutfit,Tenue dunmer,Dunmer Outfit
DLC2SkaalVillagerOutfit,Tenue de Skaal,Skaal Villager's Outfit
DLC2ArmorBonemoldCuirassGuard,Armure de garde d'ostalium,Bonemold Guard Armor
DLC2MirraksRobes,Robe de Miraak,Mirrak's Robes
DLC2ArmorStalhrimLightGauntlets,Gantelets de stalhrim lgers,Stalhrim Light Bracers
DLC2ArmorStalhrimLightHelmet,Casque de stalhrim lger,Stalhrim Light Helmet
DLC2ArmorStalhrimLightCuirass,Armure de stalhrim lgre,Stalhrim Light Armor
DLC2ArmorStalhrimHeavyHelmet,Casque de stalhrim,Stalhrim Helmet
DLC2ArmorStalhrimHeavyGauntlets,Gantelets de stalhrim,Stalhrim Gauntlets
DLC2ArmorStalhrimHeavyCuirass,Armure de stalhrim,Stalhrim Armor
DLC2ArmorStalhrimHeavyBoots,Bottes de stalhrim,Stalhrim Boots
DLC2ArmorBonemoldCuirassVariant01,Spalire d'ostalium,Bonemold Pauldron Armor
DLC2ArmorNordicHeavyHelmet,Casque nordique grav,Nordic Carved Helmet
DLC2ArmorNordicHeavyGauntlets,Gantelets nordiques gravs,Nordic Carved Gauntlets
DLC2ArmorNordicHeavyCuirass,Armure nordique grave,Nordic Carved Armor
DLC2ArmorNordicHeavyBoots,Bottes nordiques graves,Nordic Carved Boots
DLC2ArmorBonemoldHelmet,Casque d'ostalium,Bonemold Helmet
DLC2ArmorBonemoldGauntlets,Gantelets d'ostalium,Bonemold Gauntlets
DLC2ArmorBonemoldCuirassVariant02,Armure d'ostalium,Bonemold Armor
DLC2ArmorBonemoldBoots,Bottes d'ostalium,Bonemold Boots
DLC2ArmorChitinHeavyHelmet,Casque de chitine lourd,Chitin Heavy Helmet
DLC2ArmorChitinHeavyGauntlets,Gantelets de chitine lourds,Chitin Heavy Gauntlets
DLC2ArmorChitinHeavyCuirass,Armure de chitine lourde,Chitin Heavy Armor
DLC2ArmorChitinLightHelmet,Casque de chitine,Chitin Helmet
DLC2ArmorChitinLightGauntlets,Gantelets de chitine,Chitin Bracers
DLC2ArmorChitinLightCuirass,Armure de chitine,Chitin Armor
DLC2ArmorChitinLightBoots,Bottes de chitine,Chitin Boots
DLC2ArmorChitinHeavyBoots,Bottes de chitine lourdes,Chitin Heavy Boots
DLC2ArmorStalhrimLightBoots,Bottes de stalhrim lgres,Stalhrim Light Boots
DLC2dunKolbjornBoots,Bottes de marche sur l'eau d'Ahzidal,Ahzidal's Boots of Waterwalking
DLC2ScribSkin,Peau de scrib,ScribSkin
DLC2TT2EnchNelothsRing,Anneau de localisation de Neloth,Neloth's Ring of Tracking
DLC2DarkElfShoes,Chaussures dunmers,Dunmer Shoes
DLC2TelvaniShoes,Chaussures de Telvanni,Telvanni Shoes
DLC2ArmorIronShield,Bouclier de fer caboss,Dented Iron Shield
DLC2SVFreeform1Necklace,Collier de Bera,Bera's Necklace
DLC2ClothesMiraakGloves,Gants de Miraak,Miraak's Gloves
DLC2RieklingSpearCharge,Lance de riekelin,Riekling Spear
DLC2MKMiraakFightSword3,pe de Miraak,Miraak's Sword
DLC2crRieklingSpearThrower,Lancier riekelin,Riekling Spear Thrower
DLC2MKMiraakStaffTentacles1,Bton de Miraak,Miraak's Staff
DLC2AncientNordPickaxe,Pioche nordique antique,Ancient Nordic Pickaxe
DLC2dunHaknirScimitar02NP,Animortis,Soulrender
DLC2dunHaknirScimitar01NP,Sangalfange,Bloodscythe
DLC2crDwarvenBallistaBow03,Baliste dwemer,Dwarven Ballista
DLC2AshSpawnBattleAxe,Hache d'armes d'engeance des cendres,Ash Spawn Battle Axe
DLC2AshSpawnWarAxe,Hache d'engeance des cendres,Ash Spawn War Axe
DLC2KagrumezFateBow01,Arc noir du destin,Dwarven Black Bow of Fate
DLC2dunBrodirGroveStormfang,Tempesta,Stormfang
DLC2Horksbane,Horqueruine,Horksbane
DLC2NordicBow,Arc nordique,Nordic Bow
DLC2StalhrimBow,Arc de stalhrim,Stalhrim Bow
DLC2CrBenthicLurkerWeapon,Giant Fishman Weapon,Giant Fishman Weapon
DLC2BoundWeaponDaggerMystic,Dague lie,Bound Dagger
DLC2StalhrimWarhammer,Marteau de stalhrim,Stalhrim Warhammer
DLC2StalhrimWarAxe,Hache de stalhrim,Stalhrim War Axe
DLC2StalhrimSword,pe de stalhrim,Stalhrim Sword
DLC2StalhrimMace,Masse de stalhrim,Stalhrim Mace
DLC2StalhrimGreatsword,Espadon de stalhrim,Stalhrim Greatsword
DLC2StalhrimDagger,Dague de stalhrim,Stalhrim Dagger
DLC2StalhrimBattleaxe,Hache d'armes de stalhrim,Stalhrim Battleaxe
DLC2NordicWarhammer,Marteau nordique,Nordic Warhammer
DLC2NordicWarAxe,Hache nordique,Nordic War Axe
DLC2NordicSword,pe nordique,Nordic Sword
DLC2NordicMace,Masse nordique,Nordic Mace
DLC2NordicGreatsword,Espadon nordique,Nordic Greatsword
DLC2NordicDagger,Dague nordique,Nordic Dagger
DLC2NordicBattleaxe,Hache d'armes nordique,Nordic Battleaxe
dlc2DBDragonSword,Zahkrii Do Dovahkiin,Zahkrii Do Dovahkiin
DLC2BloodskalProjectileWeapon,Bloodskal Firing Weapon,Bloodskal Firing Weapon
DLC2BloodskalBlade,Lame des Skalsangue,Bloodskal Blade
DLC2RR01FalxWarhammer,Gourdin du champion,Champion's Cudgel
dlc2MerchBowOfTheStagPrince,Arc de verre du Prince des cerfs,Glass Bow of the Stag Prince
DLC2dunKolbjornRalisPickaxe,Feralgide,Hoarfrost
StaffTemplateForsworn,Bton de Parjure non enchant,Unenchanted Forsworn Staff
StaffTemplateDestruction,Bton de destruction non enchant,Unenchanted Destruction Staff
StaffTemplateConjuration,Bton de conjuration non enchant,Unenchanted Conjuration Staff
StaffTemplateAlteration,Bton d'altration non enchant,Unenchanted Alteration Staff
StaffTemplateIIllusion,Bton d'illusion non enchant,Unenchanted Illusion Staff
StaffTemplateRestoration,Bton de gurison non enchant,Unenchanted Restoration Staff
