id,category,name_en,name_fr,description_en,description_fr,image,source_section
Desc_Stone_C,ore,Limestone,Calcaire,Used for crafting.<br />A basic resource primarily used for stable Foundations.,Matériau de fabrication.<br />Une ressource de base principalement utilisée pour des fondations stables.,https://static.satisfactory-calculator.com/img/gameStable1.0/Stone_256.png?v=1725286506,itemsData
Desc_OreIron_C,ore,Iron Ore,Minerai de fer,Used for crafting.<br />The most essential basic resource.,Matériau de fabrication.<br />La ressource de base la plus essentielle.,https://static.satisfactory-calculator.com/img/gameStable1.0/IconDesc_iron_new_256.png?v=1725286507,itemsData
Desc_OreCopper_C,ore,Copper Ore,Minerai de cuivre,Used for crafting.<br />A basic resource primarily used for electricity.,Matériau de fabrication.<br />Une ressource de base principalement utilisée pour l'électricité.,https://static.satisfactory-calculator.com/img/gameStable1.0/IconDesc_copper_new_256.png?v=1725286507,itemsData
Desc_OreGold_C,ore,Caterium Ore,Minerai de caterium,"Smelted into Caterium Ingots, which are primarily used for advanced electronics.",Fondu en lingots de caterium principalement utilisés dans l'électronique de pointe.,https://static.satisfactory-calculator.com/img/gameStable1.0/IconDesc_CateriumOre_256.png?v=1725286507,itemsData
Desc_Coal_C,ore,Coal,Charbon,"Mainly used as fuel for vehicles & Coal-Powered Generators, or in Steel production.","Principalement utilisé comme combustible pour les véhicules et les générateurs à charbon, ou pour la production d'acier.",https://static.satisfactory-calculator.com/img/gameStable1.0/IconDesc_CoalOre_256.png?v=1725286506,itemsData
Desc_RawQuartz_C,ore,Raw Quartz,Quartz brut,"Can be processed into Quartz Crystals and Silica, which both offer a variety of applications.","Peut être transformé en cristaux de quartz et en silice, qui offrent tous deux une multitude d'applications.",https://static.satisfactory-calculator.com/img/gameStable1.0/IconDesc_QuartzCrystal_256.png?v=1725286510,itemsData
Desc_Sulfur_C,ore,Sulfur,Soufre,Primarily used to produce Black Powder.,Principalement utilisé pour produire de la poudre noire.,https://static.satisfactory-calculator.com/img/gameStable1.0/Sulfur_256.png?v=1725286506,itemsData
Desc_OreBauxite_C,ore,Bauxite,Bauxite,"Used to produce Alumina, which can be further refined into the Aluminum Scrap required to produce Aluminum Ingots.","Sert à produire de l'alumine, qui peut être raffinée davantage en rebuts d'aluminium nécessaires à la production de lingots d'aluminium.",https://static.satisfactory-calculator.com/img/gameStable1.0/IconDesc_Bauxite_256.png?v=1725286507,itemsData
Desc_SAM_C,ore,SAM,É.M.E.,"Strange Alien Matter, commonly referred to as SAM, doesn't seem to follow the known laws of physics. It whispers of new possibilities.","L'étrange matière extraterrestre, communément appelée É.M.E., ne semble pas répondre aux lois connues de la physique. Elle suggère de nouvelles perspectives.",https://static.satisfactory-calculator.com/img/gameStable1.0/IconDesc_SameOre_256.png?v=1725286506,itemsData
Desc_OreUranium_C,ore,Uranium,Uranium,A radioactive element.<br />Used to produce Encased Uranium Cells for Uranium Fuel Rods.<br /><br />Caution: Moderately Radioactive.,Un élément radioactif.<br />Utilisé pour produire des cellules d'uranium encastrées pour les barres d'uranium.<br /><br />Attention : produit modérément radioactif.,https://static.satisfactory-calculator.com/img/gameStable1.0/IconDesc_UraniumOre_256.png?v=1725286506,itemsData
Desc_IronIngot_C,ingot,Iron Ingot,Lingot de fer,Used for crafting the most basic parts.,Utilisé pour fabriquer les pièces les plus basiques.,https://static.satisfactory-calculator.com/img/gameStable1.0/IconDesc_IronIngot_256.png?v=1725286517,itemsData
Desc_CopperIngot_C,ingot,Copper Ingot,Lingot de cuivre,Used for crafting the most basic parts.,Utilisé pour fabriquer les pièces les plus basiques.,https://static.satisfactory-calculator.com/img/gameStable1.0/IconDesc_CopperIngot_256.png?v=1725286515,itemsData
Desc_GoldIngot_C,ingot,Caterium Ingot,Lingot de caterium,Smelted from Caterium Ore. Primarily used for advanced electronics.,Résultat de la fonte du minerai de caterium. Principalement utilisé dans l'électronique de pointe.,https://static.satisfactory-calculator.com/img/gameStable1.0/IconDesc_CateriumIngot_256.png?v=1725286512,itemsData
Desc_SteelIngot_C,ingot,Steel Ingot,Lingot d'acier,Smelted from a combination of Iron Ore and Coal. Can be made into several parts used in building construction.,Alliage de minerai de fer et de charbon. Peut être transformé en diverses pièces utilisées dans la construction de bâtiments.,https://static.satisfactory-calculator.com/img/gameStable1.0/IconDesc_SteelIngot_256.png?v=1725286509,itemsData
Desc_AluminumIngot_C,ingot,Aluminum Ingot,Lingot d'aluminium,"Smelted from Aluminum Scrap, which is refined from Alumina Solution.<br />Used to produce specialized aluminum-based parts.","Fabriqué à partir de rebuts d’aluminium, qui sont raffinés à partir de la solution d’alumine.<br />Utilisé pour produire des pièces spécialisées à base d'aluminium.",https://static.satisfactory-calculator.com/img/gameStable1.0/IconDesc_AluminiumIngot_256.png?v=1725286515,itemsData
Desc_FicsiteIngot_C,ingot,Ficsite Ingot,Lingot de ficsite,"Produced by reconstructing other metals on a molecular level using Strange Alien Matter.<br /><br />Synthesized by FICSIT to be the perfect construction material, and used in the most high-end processes.","Produit en reconstruisant d'autres métaux au niveau moléculaire grâce à l'étrange matière extraterrestre.<br /><br />Synthétisé par FICSIT pour être le matériau de construction parfait, et utilisé dans les processus les plus sophistiqués.",https://static.satisfactory-calculator.com/img/gameStable1.0/IconDesc_FicsiteIngot_256.png?v=1725286507,itemsData
Desc_Cement_C,mineral,Concrete,Béton,Used for building.<br />Good for stable foundations.,Matériau de construction.<br />Pour des fondations stables.,https://static.satisfactory-calculator.com/img/gameStable1.0/IconDesc_Concrete_256.png?v=1725286514,itemsData
Desc_QuartzCrystal_C,mineral,Quartz Crystal,Cristal de quartz,Derived from Raw Quartz. Used in the production of advanced radar technology and high-quality display screens.,Obtenu à partir de quartz brut. Utilisé dans les productions de technologie radar avancée et d'écrans de haute qualité.,https://static.satisfactory-calculator.com/img/gameStable1.0/IconDesc_QuartzResource_256.png?v=1725286510,itemsData
Desc_Silica_C,mineral,Silica,Silice,"Derived from Raw Quartz. Commonly used to create glass structures, in advanced refinement processes, and for alternative production of electronics.","Obtenue à partir de quartz brut. Utilisée principalement dans la création de structures en verre, dans des processus de raffinage avancés et dans la production alternative d'électronique.",https://static.satisfactory-calculator.com/img/gameStable1.0/IconDesc_Silica_256.png?v=1725286517,itemsData
Desc_CopperDust_C,mineral,Copper Powder,Poudre de cuivre,"Ground-up Copper Ingots.<br />The high natural density of Copper, combined with the granularity of the powder, makes this part perfect for producing Nuclear Pasta in the Particle Accelerator.","Des lingots de cuivre en poudre.<br />La densité élevée naturelle du cuivre, combinée à l'aspect granuleux de la poudre, en font l'ingrédient idéal pour produire de la pâte nucléaire dans l'accélérateur de particules.",https://static.satisfactory-calculator.com/img/gameStable1.0/IconDesc_CopperDust_256.png?v=1725286512,itemsData
Desc_PolymerResin_C,mineral,Polymer Resin,Résine polymère,A by-product of Crude Oil refinement into Fuel. Commonly used to manufacture Plastic and Rubber.,Un produit dérivé du raffinage du pétrole brut en carburant. Couramment utilisée pour fabriquer du plastique et du caoutchouc.,https://static.satisfactory-calculator.com/img/gameStable1.0/IconDesc_PolymerResin_256.png?v=1725286508,itemsData
Desc_PetroleumCoke_C,mineral,Petroleum Coke,Coke de pétrole,Used for crafting.<br />A carbon-rich material distilled from Heavy Oil Residue.<br />Used as a less efficient coal replacement.,"Matériau de fabrication.<br />Un matériau riche en carbone, produit de la distillation des résidus de pétrole lourd.<br />Utilisé comme alternative moins efficace au charbon.",https://static.satisfactory-calculator.com/img/gameStable1.0/IconDesc_PetroleumCoke_256.png?v=1725286511,itemsData
Desc_AluminumScrap_C,mineral,Aluminum Scrap,Rebuts d'aluminium,Refined from Alumina. Can be smelted into Aluminum Ingots for industrial usage.,Issus du raffinage de l'alumine. Peuvent être fondus pour obtenir des lingots d'aluminium à des fins industrielles.,https://static.satisfactory-calculator.com/img/gameStable1.0/IconDesc_AluminiumScrap_256.png?v=1725286511,itemsData
Desc_AlienProtein_C,animal,Alien Protein,Protéine extraterrestre,Ground-up Alien Remains in a neat little package.<br />Used for medical purposes and to research alien organisms.,Résidus extraterrestres broyés dans un beau petit emballage.<br />Utilisée à des fins médicales et d'étude des organismes extraterrestres.,https://static.satisfactory-calculator.com/img/gameStable1.0/IconDesc_AlienProtein_256.png?v=1725286516,itemsData
Desc_AlienDNACapsule_C,animal,Alien DNA Capsule,Capsule ADN extraterrestre,"Translates organic chemicals into readable alien genetic information.<br />Used for researching alien organisms.<br /><br />Go the extra kilometer! Knowledge is power, and power is just efficiency with fewer steps. Depositing Alien DNA Capsules in the AWESOME Sink provides FICSIT with knowledge, and pioneers with Coupons.","Retranscrit les produits chimiques organiques en informations génétiques extraterrestres lisibles.<br />Utilisée pour l'étude des organismes extraterrestres.<br /><br />Donnez tout ce que vous avez ! Le savoir, c'est le pouvoir. Et le pouvoir, c'est une efficacité facilitée. En déposant des capsules d'ADN extraterrestre dans le broyeur A.W.E.S.O.M.E., FICSIT alimente sa base de connaissances et vous obtenez des bons en récompense.",https://static.satisfactory-calculator.com/img/gameStable1.0/IconDesc_AlienDNA_256.png?v=1725286510,itemsData
Desc_Water_C,liquid,Water,Eau,It's water.,C'est de l'eau.,https://static.satisfactory-calculator.com/img/gameStable1.0/LiquidWater_Pipe_256.png?v=1725286506,itemsData
Desc_LiquidOil_C,liquid,Crude Oil,Pétrole brut,"Refined into all kinds of Oil-based resources, like Fuel and Plastic.","Raffiné pour créer toutes sortes de ressources à base de pétrole, telles que le carburant et le plastique.",https://static.satisfactory-calculator.com/img/gameStable1.0/LiquidOil_Pipe_256.png?v=1725286506,itemsData
Desc_HeavyOilResidue_C,liquid,Heavy Oil Residue,Résidus de pétrole lourd,A by-product of Plastic and Rubber production. Can be further refined into Fuel and Petroleum Coke.,Un sous-produit de la production de plastique et de caoutchouc. Peut être raffiné pour obtenir du carburant et de la coke de pétrole.,https://static.satisfactory-calculator.com/img/gameStable1.0/IconDesc_LiquidHeavyOilResidue_Pipe_256.png?v=1725286510,itemsData
Desc_LiquidFuel_C,liquid,Fuel,Carburant,"Can be used as-is to generate power, or packaged to be used as fuel for vehicles or the Jetpack.","Peut être utilisé tel quel pour générer de l'énergie, ou conditionné pour alimenter les véhicules ou le réacteur dorsal.",https://static.satisfactory-calculator.com/img/gameStable1.0/IconDesc_LiquidFuel_Pipe_256.png?v=1725286517,itemsData
Desc_LiquidBiofuel_C,liquid,Liquid Biofuel,Biocarburant liquide,"Liquid Biofuel can be used as-is to generate power, or packaged to be used as fuel for vehicles.",Le biocarburant liquide peut être utilisé tel quel pour produire de l'énergie ou conditionné comme carburant pour les véhicules.,https://static.satisfactory-calculator.com/img/gameStable1.0/IconDesc_LiquidBiofuel_Pipe_256.png?v=1725286511,itemsData
Desc_LiquidTurboFuel_C,liquid,Turbofuel,Turbocarburant,"A more efficient alternative to Fuel. Can be used as-is to generate power, or packaged to be used as fuel for vehicles.",Une alternative plus efficace au carburant. Peut être utilisé tel quel pour générer de l'énergie ou conditionné pour alimenter les véhicules.,https://static.satisfactory-calculator.com/img/gameStable1.0/IconDesc_LiquidTurboFuel_Pipe_256.png?v=1725286516,itemsData
Desc_AluminaSolution_C,liquid,Alumina Solution,Solution d'alumine,"Dissolved Alumina, extracted from Bauxite. Can be further refined into Aluminum Scrap for Aluminum Ingot production.","Alumine dissoute, extraite de la bauxite. Peut être raffinée en rebuts d'aluminium pour la production de lingots d'aluminium.",https://static.satisfactory-calculator.com/img/gameStable1.0/LiquidAlumina_Pipe_256.png?v=1725286517,itemsData
Desc_SulfuricAcid_C,liquid,Sulfuric Acid,Acide sulfurique,Produced by combining Sulfur and Water in a complex reaction. Primarily used in refinement processes and Battery production.,Produit en combinant le soufre et l'eau dans une réaction complexe. Principalement utilisé dans les processus de raffinage et la production de batteries.,https://static.satisfactory-calculator.com/img/gameStable1.0/IconDesc_LiquidSulfuricAcid_Pipe_256.png?v=1725286508,itemsData
Desc_NitricAcid_C,liquid,Nitric Acid,Acide nitrique,Produced when Nitrogen Gas reacts with Water. Its high corrosiveness and oxidizing properties make it an excellent choice for refinement and fuel production processes.,Produit par réaction entre l'azote et l'eau. Ses fortes propriétés de corrosion et d'oxydation en font un excellent choix pour le raffinage et la production de carburant.,https://static.satisfactory-calculator.com/img/gameStable1.0/IconDesc_NitricAcid_256.png?v=1725286509,itemsData
Desc_DissolvedSilica_C,liquid,Dissolved Silica,Silice dissoute,"Silica dissolved in Water, produced as part of the alternative refinement of Raw Quartz.<br />The Silica can be extracted from the Water to complete the refinement process.","De la silice dissoute dans de l'eau, produite lors du raffinage alternatif du quartz brut.<br />La silice peut être extraite de l'eau pour terminer le processus de raffinage.",https://static.satisfactory-calculator.com/img/gameStable1.0/IconDesc_DissolvedSilica_256.png?v=1725286507,itemsData
Desc_NitrogenGas_C,gas,Nitrogen Gas,Azote,"Has a variety of uses, including metallurgy, cooling, and Nitric Acid production. On MASSAGE-2 (AB)b, it can be extracted from underground gas wells.","Peut être utilisé dans différents domaines, tels que la métallurgie, le refroidissement et la production d'acide nitrique. Sur MASSAGE-2 (AB)b, il peut être extrait de puits de gaz souterrains.",https://static.satisfactory-calculator.com/img/gameStable1.0/IconDesc_NitricAcid_256.png?v=1725286509,itemsData
Desc_RocketFuel_C,gas,Rocket Fuel,Carburant de fusée,"A high-impulse compressed gas fuel.<br />Can be used as-is to power Fuel-Powered Generators, or packaged to be used as fuel for vehicles or the Jetpack.","Combustible gazeux comprimé à haute impulsion.<br />Peut être utilisé tel quel pour alimenter un générateur à carburant, ou conditionné comme carburant pour les véhicules ou le réacteur dorsal.",https://static.satisfactory-calculator.com/img/gameStable1.0/IconDesc_RocketFuelPipe_256.png?v=1725286515,itemsData
Desc_IonizedFuel_C,gas,Ionized Fuel,Carburant ionisé,"Fuel that has been ionized, allowing it to deliver incredible output.<br />Can be used as-is to power Fuel-Powered Generators, or packaged to be used as fuel for vehicles or the Jetpack.","Du carburant ayant été ionisé, lui conférant ainsi un rendement extraordinaire.<br />Peut être utilisé tel quel pour alimenter un générateur à carburant, ou conditionné comme carburant pour les véhicules ou le réacteur dorsal.",https://static.satisfactory-calculator.com/img/gameStable1.0/IconDesc_IonizedFuel_256.png?v=1725286511,itemsData
Desc_DarkEnergy_C,gas,Dark Matter Residue,Résidus de matière noire,"Produced as a by-product of Quantum Encoding processes and alternatively generated in the Converter.<br /><br />Various fields of science are still debating the nature and properties of Dark Matter. Meanwhile, FICSIT has found several applications for it in space-time manipulation.","Produit dérivé des processus d'encodage quantique, et parfois produit dans le convertisseur.<br /><br />Différents domaines scientifiques débattent encore de la nature et des propriétés de la matière noire. Par ailleurs, FICSIT lui a trouvé plusieurs applications dans le domaine de la manipulation de l'espace-temps.",https://static.satisfactory-calculator.com/img/gameStable1.0/IconDesc_DarkEnergy_256.png?v=1725286507,itemsData
Desc_QuantumEnergy_C,gas,Excited Photonic Matter,Matière photonique agitée,Excited Photonic Matter is essential for all production processes in the Quantum Encoder.<br /><br />Formed in the Converter by inducing intense photon interactions through exposure to SAM in a high-energy environment.,La matière photonique agitée est essentielle pour l'ensemble des procédés de production de l'encodeur quantique.<br /><br />Créée dans le convertisseur en provoquant des interactions photoniques intenses par l'exposition à l'É.M.E. dans un environnement à haute énergie.,https://static.satisfactory-calculator.com/img/gameStable1.0/IconDesc_QuantumEnergy_256.png?v=1725286507,itemsData
Desc_IronRod_C,standard,Iron Rod,Barre de fer,Used for crafting.<br />One of the most basic parts.,Matériau de fabrication.<br />Une des pièces les plus basiques.,https://static.satisfactory-calculator.com/img/gameStable1.0/IconDesc_IronRods_256.png?v=1725286516,itemsData
Desc_IronScrew_C,standard,Screws,Vis,Used for crafting.<br />One of the most basic parts.,Matériau de fabrication.<br />Une des pièces les plus basiques.,https://static.satisfactory-calculator.com/img/gameStable1.0/IconDesc_IronScrews_256.png?v=1725286512,itemsData
Desc_IronPlate_C,standard,Iron Plate,Plaque de fer,Used for crafting.<br />One of the most basic parts.,Matériau de fabrication.<br />Une des pièces les plus basiques.,https://static.satisfactory-calculator.com/img/gameStable1.0/IconDesc_IronPlates_256.png?v=1725286507,itemsData
Desc_IronPlateReinforced_C,standard,Reinforced Iron Plate,Plaque de fer renforcée,Used for crafting.<br />A sturdier and more durable Iron Plate.,Matériau de fabrication.<br />Une plaque de fer plus robuste et résistante.,https://static.satisfactory-calculator.com/img/gameStable1.0/IconDesc_ReinforcedIronPlates_256.png?v=1725286515,itemsData
Desc_CopperSheet_C,standard,Copper Sheet,Tôle de cuivre,Used for crafting.<br />Primarily used for pipelines due to its high corrosion resistance.,Matériau de fabrication.<br />Principalement utilisé pour les pipelines grâce à sa grande résistance à la corrosion.,https://static.satisfactory-calculator.com/img/gameStable1.0/IconDesc_CopperSheet_256.png?v=1725286511,itemsData
Desc_AluminumPlate_C,standard,Alclad Aluminum Sheet,Tôle d'aluminium en alliage Alclad,"Used to make products that require high heat conduction or a high specific strength. Thin, lightweight, and highly durable.","Utilisée pour fabriquer des produits qui nécessitent une conduction thermique élevée ou une résistance spécifique élevée. Fine, légère et très durable.",https://static.satisfactory-calculator.com/img/gameStable1.0/IconDesc_AluminiumSheet_256.png?v=1725286508,itemsData
Desc_AluminumCasing_C,standard,Aluminum Casing,Boîtiers en aluminium,A versatile container cast from Aluminum Ingots.,Un conteneur polyvalent coulé à partir de lingots d'aluminium.,https://static.satisfactory-calculator.com/img/gameStable1.0/IconDesc_AluminiumCasing_256.png?v=1725286511,itemsData
Desc_SteelPipe_C,standard,Steel Pipe,Tuyau en acier,Primarily used when constructing slightly more advanced buildings.,Principalement utilisée lors de la construction de bâtiments plus avancés.,https://static.satisfactory-calculator.com/img/gameStable1.0/IconDesc_SteelPipe_256.png?v=1725286515,itemsData
Desc_SteelPlate_C,standard,Steel Beam,Poutre en acier,Primarily used when constructing slightly more advanced buildings.,Principalement utilisée lors de la construction de bâtiments plus avancés.,https://static.satisfactory-calculator.com/img/gameStable1.0/IconDesc_SteelBeam_256.png?v=1725286508,itemsData
Desc_SteelPlateReinforced_C,standard,Encased Industrial Beam,Poutre en béton armé,Simultaneously utilizes the compressive strength of concrete and the tensile strength of steel.<br />Mostly used as a stable base for constructing buildings.,Exploite simultanément la résistance du béton et l'élasticité de l'acier.<br />Principalement utilisée comme fondation pour la construction de bâtiments.,https://static.satisfactory-calculator.com/img/gameStable1.0/IconDesc_EncasedSteelBeam_256.png?v=1725286508,itemsData
Desc_ModularFrame_C,standard,Modular Frame,Cadre modulaire,Used for crafting.<br />A multipurpose building block.,Matériau de fabrication.<br />Un bloc de construction multi-usage.,https://static.satisfactory-calculator.com/img/gameStable1.0/IconDesc_ModularFrame_256.png?v=1725286508,itemsData
Desc_ModularFrameHeavy_C,standard,Heavy Modular Frame,Cadre modulaire lourd,A more robust multipurpose frame.,Un cadre polyvalent et plus robuste.,https://static.satisfactory-calculator.com/img/gameStable1.0/IconDesc_ModularFrameHeavy_256.png?v=1725286509,itemsData
Desc_ModularFrameFused_C,standard,Fused Modular Frame,Cadre modulaire fusionné,"A corrosion-resistant, nitride-hardened, highly-robust-yet-lightweight modular frame.","Un cadre modulaire résistant à la corrosion, renforcé au nitrure, très robuste, mais cependant léger.",https://static.satisfactory-calculator.com/img/gameStable1.0/IconDesc_FusedModularFrame_256.png?v=1725286512,itemsData
Desc_FicsiteMesh_C,standard,Ficsite Trigon,Trigon en ficsite,"The Ficsite Trigon, made from Ficsite Ingots, is perfectly shaped for all construction challenges. Its performance is so exceptional, it basically solved structural engineering.","Le trigon en ficsite, produit à partir de lingots de ficsite, est parfaitement adapté à tous les défis de construction. Ses performances sont si exceptionnelles qu'il a pratiquement révolutionné l'ingénierie structurelle.",https://static.satisfactory-calculator.com/img/gameStable1.0/IconDesc_FicsiteMesh_256.png?v=1725286508,itemsData
Desc_Fabric_C,standard,Fabric,Tissu,Used to craft equipment.<br />Flexible but durable fabric.,"Utilisé pour fabriquer de l'équipement.<br />Tissu souple, mais résistant.",https://static.satisfactory-calculator.com/img/gameStable1.0/IconDesc_Fabric_256.png?v=1725286514,itemsData
Desc_Plastic_C,standard,Plastic,Plastique,"Versatile and easy to manufacture, this material has a wide range of uses.","Polyvalent et facile à produire, ce matériau a un large éventail d'utilisations.",https://static.satisfactory-calculator.com/img/gameStable1.0/IconDesc_Plastic_256.png?v=1725286507,itemsData
Desc_Rubber_C,standard,Rubber,Caoutchouc,A very flexible material that has a lot of friction.,Un matériau très flexible qui offre une grande capacité de friction.,https://static.satisfactory-calculator.com/img/gameStable1.0/IconDesc_Rubber_256.png?v=1725286512,itemsData
Desc_Rotor_C,industrial,Rotor,Rotor,Used for crafting.<br />The moving parts of a motor.,Matériau de fabrication.<br />La pièce mobile d'un moteur.,https://static.satisfactory-calculator.com/img/gameStable1.0/IconDesc_Rotor_256.png?v=1725286512,itemsData
Desc_Stator_C,industrial,Stator,Stator,Used for crafting.<br />The static parts of a motor.,Matériau de fabrication.<br />La pièce fixe d'un moteur.,https://static.satisfactory-calculator.com/img/gameStable1.0/IconDesc_Stator_256.png?v=1725286508,itemsData
Desc_Battery_C,industrial,Battery,Batterie,Primarily used as fuel for Drones and Vehicles.,Principalement utilisé comme carburant pour les drones et les véhicules.,https://static.satisfactory-calculator.com/img/gameStable1.0/IconDesc_Battery_256.png?v=1725286512,itemsData
Desc_Motor_C,industrial,Motor,Moteur,Creates a mechanical force that is used to move things from machines to vehicles.,Crée une force mécanique afin de déplacer des objets des machines aux véhicules.,https://static.satisfactory-calculator.com/img/gameStable1.0/IconDesc_Engine_256.png?v=1725286512,itemsData
Desc_AluminumPlateReinforced_C,industrial,Heat Sink,Dissipateur de chaleur,Used to dissipate heat faster.,Permet de dissiper la chaleur plus rapidement.,https://static.satisfactory-calculator.com/img/gameStable1.0/IconDesc_Heatsink_256.png?v=1725286512,itemsData
Desc_CoolingSystem_C,industrial,Cooling System,Système de refroidissement,Keeps advanced parts and buildings from exceeding efficient temperature levels.,Empêche les pièces et les bâtiments avancés de dépasser les niveaux de température optimaux.,https://static.satisfactory-calculator.com/img/gameStable1.0/IconDesc_CoolingSystem_256.png?v=1725286510,itemsData
Desc_MotorLightweight_C,industrial,Turbo Motor,Turbomoteur,A more complex and powerful version of the regular Motor.,Une version plus puissante et plus complexe du moteur de base.,https://static.satisfactory-calculator.com/img/gameStable1.0/IconDesc_TurboMotor_256.png?v=1725286510,itemsData
Desc_Wire_C,electronic,Wire,Fil électrique,Used for crafting.<br />One of the most basic parts.,Matériau de fabrication.<br />Une des pièces les plus basiques.,https://static.satisfactory-calculator.com/img/gameStable1.0/IconDesc_Wire_256.png?v=1725286514,itemsData
Desc_Cable_C,electronic,Cable,Câble,Used for crafting.<br />Primarily used to build power lines.,Matériau de fabrication.<br />Principalement utilisé pour construire des lignes électriques.,https://static.satisfactory-calculator.com/img/gameStable1.0/IconDesc_Cables_256.png?v=1725286507,itemsData
Desc_HighSpeedWire_C,electronic,Quickwire,Filactif,"Caterium's high conductivity and resistance to corrosion make it ideal for small, advanced electronics.",La haute conductivité et la résistance à la corrosion du caterium le rendent idéal pour les petits appareils électroniques avancés.,https://static.satisfactory-calculator.com/img/gameStable1.0/IconDesc_Quickwire_256.png?v=1725286509,itemsData
Desc_CircuitBoard_C,electronic,Circuit Board,Circuit imprimé,Advanced electronics that have a plethora of different uses.,Des composants électroniques avancés offrant une multitude d'utilisations différentes.,https://static.satisfactory-calculator.com/img/gameStable1.0/IconDesc_CircuitBoard_256.png?v=1725286511,itemsData
Desc_CircuitBoardHighSpeed_C,electronic,AI Limiter,Contrôleur d'I.A.,Controls AIs and keeps them from evolving in malicious ways. Super advanced electronics.,Contrôle les I.A. et les empêche d'évoluer à des fins malveillantes. Électronique de pointe.,https://static.satisfactory-calculator.com/img/gameStable1.0/IconDesc_AILimiter_256.png?v=1725286513,itemsData
Desc_HighSpeedConnector_C,electronic,High-Speed Connector,Connecteur haute vitesse,"Connects multiple cables and wires in a very efficient way. Uses a standard pattern, so it has many varied applications.","Connecte plusieurs câbles et fils de manière très efficace. Utilise un modèle standard, ce qui lui permet d'avoir de nombreuses applications.",https://static.satisfactory-calculator.com/img/gameStable1.0/IconDesc_HighSpeedConnector_256.png?v=1725286509,itemsData
Desc_SAMIngot_C,electronic,Reanimated SAM,É.M.E. réanimée,"The active and contained form of the Strange Alien Matter.<br /><br />Proper electromagnetic containment is required, as it appears to be able to manipulate the atomic bonds of any matter it comes into contact with.","La forme active et confinée de l'étrange matière extraterrestre.<br /><br />Un isolement électromagnétique adéquat est nécessaire, car elle semble capable de manipuler les liaisons atomiques de toute matière avec laquelle elle entre en contact.",https://static.satisfactory-calculator.com/img/gameStable1.0/IconDesc_ReanimatedSam_256.png?v=1725286515,itemsData
Desc_SAMFluctuator_C,electronic,SAM Fluctuator,Fluctuateur d'É.M.E.,The SAM Fluctuator is able to regulate and direct the behavior of Reanimated SAM through the application of electric charges with varying frequencies.<br />This control facilitates technologies such as matter-to-energy conversion and spatiotemporal matter manipulation.,Le fluctuateur d'É.M.E. permet de réguler et de contrôler le comportement de l'É.M.E. réanimée via l'application de charges électriques de diverses fréquences.<br />Ce contrôle facilite les technologies telles que la conversion de la matière en énergie et la manipulation spatio-temporelle de la matière.,https://static.satisfactory-calculator.com/img/gameStable1.0/IconDesc_SamFluctuator_256.png?v=1725286511,itemsData
Desc_Computer_C,communication,Computer,Ordinateur,A complex logic machine that is used to control advanced behavior in other machines.,Une machine logique complexe permettant de piloter les comportements avancés d'autres machines.,https://static.satisfactory-calculator.com/img/gameStable1.0/IconDesc_Computer_256.png?v=1725286512,itemsData
Desc_ComputerSuper_C,communication,Supercomputer,Superordinateur,The next-gen version of a Computer.,La nouvelle génération d'ordinateurs.,https://static.satisfactory-calculator.com/img/gameStable1.0/IconDesc_QuantumComputer_256.png?v=1725286508,itemsData
Desc_ModularFrameLightweight_C,communication,Radio Control Unit,Unité de contrôle radio,Enhances and directs radio signals.,Améliore et oriente les signaux radio.,https://static.satisfactory-calculator.com/img/gameStable1.0/IconDesc_RadioControlUnit_256.png?v=1725286515,itemsData
Desc_CrystalOscillator_C,communication,Crystal Oscillator,Oscillateur à cristal,An electronic oscillator circuit that uses the mechanical resonance of a vibrating crystal to create an electrical signal with a precise frequency.,Un circuit à oscillation électronique qui utilise la résonance mécanique d'un cristal vibrant pour créer un signal électrique d'une fréquence précise.,https://static.satisfactory-calculator.com/img/gameStable1.0/IconDesc_CrystalOscillator_256.png?v=1725286515,itemsData
Desc_QuantumOscillator_C,communication,Superposition Oscillator,Oscillateur de superposition,An oscillator circuit that uses the mechanical resonance of a vibrating crystal to create a string vibration with a precise frequency. Often used in teleportation technology and dimensional manipulation.,Un circuit à oscillation qui utilise la résonance mécanique d'un cristal vibrant pour créer une vibration de cordes d'une fréquence précise. Utilisé le plus souvent en technologie de téléportation ou dans la manipulation dimensionnelle.,https://static.satisfactory-calculator.com/img/gameStable1.0/IconDesc_SuperPositionOscillator_256.png?v=1725286509,itemsData
Desc_Diamond_C,quantum,Diamonds,Diamants,Synthetic Diamonds produced by exposing Coal to extreme heat and pressure.<br /><br />Used in the production of Time Crystals and Dark Matter Crystals.<br /><br />Power Usage: 250-750 MW (500 MW average).,Des diamants synthétiques produits en exposant du charbon à une chaleur et à une pression extrêmes.<br /><br />Utilisés pour la production de cristaux temporels et de cristaux de matière noire.<br /><br />Consommation d’énergie : 250-750 MW (500 MW en moyenne).,https://static.satisfactory-calculator.com/img/gameStable1.0/IconDesc_Diamonds_256.png?v=1725286509,itemsData
Desc_TimeCrystal_C,quantum,Time Crystal,Cristal temporel,Time Crystals are Diamonds that have been reconfigured on a sub-atomic level in the Converter to retain a time-periodic self-organizing structure. This allows them to be used in the development of quantum processing and storage technologies.,Les cristaux temporels sont des diamants reconfigurés à un niveau subatomique dans le convertisseur pour conserver une structure temporelle auto-organisatrice. Cela leur permet d'être utilisés dans le développement de technologies de traitement et de stockage quantiques.,https://static.satisfactory-calculator.com/img/gameStable1.0/IconDesc_ExoticMatter_256.png?v=1725286513,itemsData
Desc_DarkMatter_C,quantum,Dark Matter Crystal,Cristal de matière noire,Concentrated Dark Matter Residue that is isolated within a crystalline vessel. This form of containment allows for utilising Dark Matter reliably in other production processes.<br /><br />Power Usage: 500-1500 MW (1000 MW average).,Concentré de résidus de matière noire isolé dans un vaisseau cristallin. Ce conditionnement permet l'utilisation fiable de la matière noire dans d'autres processus de production.<br /><br />Consommation d'énergie : 500-1500 MW (1000 MW en moyenne).,https://static.satisfactory-calculator.com/img/gameStable1.0/IconDesc_TimeCrystal_256.png?v=1725286509,itemsData
Desc_SingularityCell_C,quantum,Singularity Cell,Cellule de singularité,Used to break down space and time. Required to power Portals.,Utilisée pour rompre l'espace et le temps. Nécessaire pour alimenter les portails.,https://static.satisfactory-calculator.com/img/gameStable1.0/IconDesc_SingularityCell_256.png?v=1725286516,itemsData
Desc_TemporalProcessor_C,quantum,Neural-Quantum Processor,Processeur neuro-quantique,The Neural-Quantum Processor utilizes a combination of neural network architecture and quantum computing techniques to achieve unprecedented performance. This technology has enabled some of FICSIT's biggest advancements in artificial intelligence and relativistic engineering.,Le processeur neuro-quantique utilise une combinaison d'architecture de réseau neuronal et de techniques de calcul quantique pour atteindre des performances sans précédent. Cette technologie a permis certaines des plus grandes avancées de FICSIT en matière d'intelligence artificielle et d'ingénierie relativiste.,https://static.satisfactory-calculator.com/img/gameStable1.0/IconDesc_TemporalProcessor_256.png?v=1725286516,itemsData
Desc_AlienPowerFuel_C,quantum,Alien Power Matrix,Matrice de charge extraterrestre,"This intricate condensed-matter matrix is used to enhance the output of the Alien Power Augmenter.<br /><br />Initially developed in efforts to create a human-made Somersloop, the Alien Power Matrix cannot sustain the extra-dimensional energy connection on its own. However, it can effectively stabilize the energy stream of the Somersloop.","Cette matrice complexe de matière condensée est utilisée pour améliorer le rendement de l'accélérateur extraterrestre.<br /><br />Initialement développée dans l'objectif de créer un Somersloop artificiel, la matrice de charge extraterrestre ne peut pas soutenir à elle seule une liaison énergétique extradimensionnelle. Cependant, elle peut efficacement stabiliser le flux d'énergie du Somersloop.",https://static.satisfactory-calculator.com/img/gameStable1.0/IconDesc_AlienPowerMatrix_256.png?v=1725286515,itemsData
Desc_FluidCanister_C,container,Empty Canister,Bidon vide,Used to package fluids for transportation.,Utilisé pour conditionner les liquides pour le transport.,https://static.satisfactory-calculator.com/img/gameStable1.0/IconDesc_EmptyCannister_256.png?v=1725286509,itemsData
Desc_GasTank_C,container,Empty Fluid Tank,Réservoir vide,Used to package gases and volatile liquids for transportation.,Utilisé pour conditionner les gaz et liquides volatiles pour le transport.,https://static.satisfactory-calculator.com/img/gameStable1.0/IconDesc_PressureTank_256.png?v=1725286513,itemsData
Desc_PressureConversionCube_C,container,Pressure Conversion Cube,Cube de conversion de pression,"Converts outgoing force into internal pressure. Required to contain unstable, high-energy matter.",Convertit la force sortante en pression interne. Nécessaire pour contenir une matière instable à haute densité énergétique.,https://static.satisfactory-calculator.com/img/gameStable1.0/IconDesc_ConversionCube_256.png?v=1725286509,itemsData
Desc_PackagedWater_C,container,Packaged Water,Eau conditionnée,"Water, packaged for alternative transport.","De l'eau, conditionnée pour un transport alternatif.",https://static.satisfactory-calculator.com/img/gameStable1.0/IconDesc_PackagedWater_256.png?v=1725286515,itemsData
Desc_PackagedAlumina_C,container,Packaged Alumina Solution,Solution d'aluminium conditionnée,"Alumina Solution, packaged for alternative transport.","Solution d'alumine, conditionnée pour un transport alternatif.",https://static.satisfactory-calculator.com/img/gameStable1.0/IconDesc_PackagedAluminaSolution_256.png?v=1725286517,itemsData
Desc_PackagedSulfuricAcid_C,container,Packaged Sulfuric Acid,Acide sulfurique conditionné,"Sulfuric Acid, packaged for alternative transport.","Acide sulfurique, conditionnée pour un transport alternatif.",https://static.satisfactory-calculator.com/img/gameStable1.0/IconDesc_PckagedSulphuricAcid_256.png?v=1725286508,itemsData
Desc_PackagedNitricAcid_C,container,Packaged Nitric Acid,Acide nitrique conditionné,"Nitric Acid, packaged for alternative transport.","Acide nitrique, conditionné pour un transport alternatif.",https://static.satisfactory-calculator.com/img/gameStable1.0/IconDesc_PackagedNitricAcid_256.png?v=1725286509,itemsData
Desc_PackagedNitrogenGas_C,container,Packaged Nitrogen Gas,Azote gazeux conditionné,"Nitrogen Gas, packaged for alternative transport.",Azote gazeux conditionné pour un transport alternatif.,https://static.satisfactory-calculator.com/img/gameStable1.0/IconDesc_PackagedNitrogen_256.png?v=1725286513,itemsData
Desc_Leaves_C,fuel,Leaves,Feuilles,Primarily used as fuel.<br />Biomass Burners and vehicles can use Leaves for power.,Utilisée principalement comme carburant.<br />Les brûleurs de biomasse et les véhicules peuvent utiliser des feuilles pour s'alimenter en énergie.,https://static.satisfactory-calculator.com/img/gameStable1.0/IconDesc_Leaves_256.png?v=1725286514,itemsData
Desc_Mycelia_C,fuel,Mycelia,Mycélium,Used for crafting.<br />Biomass Burners and vehicles can also use Mycelia for power.,Matériau de fabrication.<br />Les brûleurs de biomasse et les véhicules peuvent également être alimentés en mycélium.,https://static.satisfactory-calculator.com/img/gameStable1.0/IconDesc_Mycelia_256.png?v=1725286514,itemsData
Desc_FlowerPetals_C,fuel,Flower Petals,Pétales de fleurs,Used for crafting.<br />Colorful native flower petals.,Matériau de fabrication.<br />Pétales de fleurs indigènes colorés.,https://static.satisfactory-calculator.com/img/gameStable1.0/FlowerPetals_Final_256.png?v=1687261562,itemsData
Desc_Wood_C,fuel,Wood,Bois,Primarily used as fuel.<br />Biomass Burners and vehicles can use Wood for power.,Utilisée principalement comme carburant.<br />Les brûleurs de biomasse et les véhicules peuvent utiliser du bois pour s'alimenter en énergie.,https://static.satisfactory-calculator.com/img/gameStable1.0/IconDesc_Wood_256.png?v=1725286514,itemsData
Desc_GenericBiomass_C,fuel,Biomass,Biomasse,Primarily used as fuel.<br />Biomass Burners and vehicles can use it for power.<br />Biomass is much more energy-efficient than raw biological matter.,Utilisée principalement comme carburant.<br />Les brûleurs de biomasse et les véhicules peuvent l'utiliser pour s'alimenter en énergie.<br />La biomasse a un rendement énergétique bien plus élevé que de la matière biologique brute.,https://static.satisfactory-calculator.com/img/gameStable1.0/IconDesc_Biomass_Final_256.png?v=1725286514,itemsData
Desc_CompactedCoal_C,fuel,Compacted Coal,Charbon compacté,A much more efficient alternative to Coal. Used as fuel for vehicles and Coal-Powered Generators.,Une alternative bien plus efficace au charbon. Utilisé comme combustible pour les véhicules et les générateurs à charbon.,https://static.satisfactory-calculator.com/img/gameStable1.0/IconDesc_CompactedCoal_256.png?v=1725286518,itemsData
Desc_PackagedOil_C,fuel,Packaged Oil,Pétrole conditionné,"Crude Oil, packaged for alternative transport. Can be used as fuel for Vehicles.","Pétrole brut, conditionné pour le transport. Peut être utilisé comme carburant pour les véhicules.",https://static.satisfactory-calculator.com/img/gameStable1.0/Oil_256.png?v=1725286506,itemsData
Desc_PackagedOilResidue_C,fuel,Packaged Heavy Oil Residue,Résidus de pétrole lourd conditionnés,"Heavy Oil Residue, packaged for alternative transport. Can be used as fuel for Vehicles.","Résidus de pétrole lourd, conditionné pour le transport. Peut être utilisé comme carburant pour les véhicules.",https://static.satisfactory-calculator.com/img/gameStable1.0/OilResidue_256.png?v=1725286506,itemsData
Desc_Biofuel_C,fuel,Solid Biofuel,Biocarburant solide,The most energy-efficient form of solid biomass. Can be used as fuel for the Chainsaw.,La forme de biomasse solide au meilleur rendement énergétique. Peut être utilisé comme carburant pour la tronçonneuse.,https://static.satisfactory-calculator.com/img/gameStable1.0/IconDesc_SolidBiofuel_256.png?v=1725286512,itemsData
Desc_Fuel_C,fuel,Packaged Fuel,Carburant conditionné,"Fuel, packaged for alternative transport. Can be used as fuel for Vehicles and the Jetpack.","Carburant, conditionné pour le transport. Peut être utilisé comme carburant pour les véhicules ou le Jetpack.",https://static.satisfactory-calculator.com/img/gameStable1.0/IconDesc_Fuel_256.png?v=1725286517,itemsData
Desc_PackagedBiofuel_C,fuel,Packaged Liquid Biofuel,Biocarburant liquide conditionné,"Liquid Biofuel, packaged for alternative transport. Can be used as fuel for Vehicles and the Jetpack.","Biocarburant liquide, conditionné pour le transport. Peut être utilisé comme carburant pour les véhicules ou le Jetpack.",https://static.satisfactory-calculator.com/img/gameStable1.0/IconDesc_LiquidBiofuel_256.png?v=1725286516,itemsData
Desc_TurboFuel_C,fuel,Packaged Turbofuel,Turbocarburant conditionné,"Turbofuel, packaged for alternative transport. Can be used as fuel for Vehicles and the Jetpack.","Turbocarburant, conditionné pour le transport. Peut être utilisé comme carburant pour les véhicules ou le Jetpack.",https://static.satisfactory-calculator.com/img/gameStable1.0/IconDesc_TurboFuel_256.png?v=1725286516,itemsData
Desc_PackagedRocketFuel_C,fuel,Packaged Rocket Fuel,Carburant de fusée conditionné,"Rocket Fuel, packaged for alternative transport. Can be used as fuel for vehicles and the Jetpack.","Carburant de fusée, conditionné pour le transport. Peut être utilisé pour alimenter les véhicules ou le réacteur dorsal.",https://static.satisfactory-calculator.com/img/gameStable1.0/IconDesc_PackagedRocketFuel_256.png?v=1725286515,itemsData
Desc_PackagedIonizedFuel_C,fuel,Packaged Ionized Fuel,Carburant ionisé conditionné,"Ionized Fuel, packaged for alternative transport. Can be used as fuel for vehicles and the Jetpack.","Carburant ionisé, conditionné pour le transport. Peut être utilisé comme carburant pour les véhicules ou le réacteur dorsal.",https://static.satisfactory-calculator.com/img/gameStable1.0/IconDesc_IonizedRocketFuel_256.png?v=1725286511,itemsData
Desc_NuclearFuelRod_C,fuel,Uranium Fuel Rod,Barre de combustible d'Uranium,Used as fuel for Nuclear Power Plants.<br /><br />Caution: Produces radioactive Uranium Waste when consumed.<br />Caution: Moderately Radioactive.,Utilisée comme combustible dans les centrales nucléaires.<br /><br />Attention : son utilisation génère des déchets d'uranium radioactifs.<br />Attention : produit modérément radioactif.,https://static.satisfactory-calculator.com/img/gameStable1.0/IconDesc_NuclearFuelRod_256.png?v=1725286510,itemsData
Desc_PlutoniumFuelRod_C,fuel,Plutonium Fuel Rod,Barre de plutonium,Used as fuel for Nuclear Power Plants.<br /><br />Caution: Produces radioactive Plutonium Waste when consumed.<br />Caution: HIGHLY Radioactive.,Utilisée comme combustible dans les centrales nucléaires.<br /><br />Attention : son utilisation génère des déchets de plutonium radioactifs.<br />Attention : produit EXTRÊMEMENT radioactif.,https://static.satisfactory-calculator.com/img/gameStable1.0/IconDesc_PlutoniumFuelRod_256.png?v=1725286509,itemsData
Desc_Gunpowder_C,consumed,Black Powder,Poudre noire,An explosive powder that is commonly used to produce simple explosives.,Une poudre explosive couramment utilisée pour produire de simples explosifs.,https://static.satisfactory-calculator.com/img/gameStable1.0/IconDesc_Gunpowder_256.png?v=1725286517,itemsData
Desc_GunpowderMK2_C,consumed,Smokeless Powder,Poudre sans fumée,An explosive powder that is commonly used to produce modern firearms.,Une poudre explosive couramment utilisée pour produire les armes à feu modernes.,https://static.satisfactory-calculator.com/img/gameStable1.0/IconDesc_GunpowderMk2_256.png?v=1725286517,itemsData
Desc_Filter_C,consumed,Gas Filter,Filtre à gaz,Filters out toxins and pollutants from the air when used with a Gas Mask.,Filtre les toxines et les contaminants présents dans l'air lorsqu'il est utilisé avec un masque à gaz.,https://static.satisfactory-calculator.com/img/gameStable1.0/IconDesc_GasMaskFilter_256.png?v=1725286510,itemsData
Desc_ColorCartridge_C,consumed,Color Cartridge,Cartouche de peinture,Used for applying Patterns to structures with the Customizer.<br /><br />(Patterns can be purchased in the AWESOME Shop.),Utilisé pour appliquer des motifs aux structures avec le customiseur.<br /><br />(Les motifs peuvent être achetés dans la boutique A.W.E.S.O.M.E.),https://static.satisfactory-calculator.com/img/gameStable1.0/IconDesc_ColorCartridge_256.png?v=1725286507,itemsData
BP_EquipmentDescriptorBeacon_C,consumed,Beacon,Balise,PENDING REMOVAL<br />This item will (likely) be removed in a future update.<br /><br />Currently only used as an ingredient in an alternative recipe.,"ATTENTE DE SUPPRESSION<br />Cet objet sera (sûrement) supprimé dans une future mise-à-jour.<br /><br />Actuellement, il est utilisé uniquement en tant qu'ingrédient dans une recette alternative.",https://static.satisfactory-calculator.com/img/gameStable1.0/IconDesc_Beacon_256.png?v=1725286505,itemsData
Desc_HazmatFilter_C,consumed,Iodine-Infused Filter,Filtre à infusion d'iode,Absorbs radioactive particles when used with the Hazmat Suit.,Absorbe les particules radioactives lorsqu'il est utilisé avec la combinaison de protection.,https://static.satisfactory-calculator.com/img/gameStable1.0/IconDesc_HazmatFilter_256.png?v=1725286509,itemsData
Desc_SpikedRebar_C,ammo,Iron Rebar,Barre d'armature en fer,Can be shot using the Rebar Gun for self-defense purposes.,Peut être utilisé avec le pistolet à barres d'armature à des fins d'autodéfense.,https://static.satisfactory-calculator.com/img/gameStable1.0/IconDesc_Rebar_256.png?v=1725286524,itemsData
Desc_Rebar_Stunshot_C,ammo,Stun Rebar,Barre d'armature paralysante,"Electrocutes the target on impact, stunning it for a short time.<br /><br />Stun duration: 5 seconds","Électrocute la cible à l'impact, l'étourdissant pendant une courte période.<br /><br />Durée d'étourdissement : 5 secondes",https://static.satisfactory-calculator.com/img/gameStable1.0/IconDesc_StunRebar_256.png?v=1725286524,itemsData
Desc_Rebar_Spreadshot_C,ammo,Shatter Rebar,Barre d'armature à fragmentation,"Fractures when shot, launching deadly debris with wide spread but limited range.","Se fractionne lorsqu'elle est tirée, propulsant des débris mortels dans un large rayon, mais à portée limitée.",https://static.satisfactory-calculator.com/img/gameStable1.0/IconDesc_ScatterRebar_256.png?v=1725286524,itemsData
Desc_Rebar_Explosive_C,ammo,Explosive Rebar,Barre d'armature explosive,"Explodes on impact, dealing heavy damage.","Explose à l'impact, infligeant de lourds dégâts.",https://static.satisfactory-calculator.com/img/gameStable1.0/IconDesc_ExpRebar_256.png?v=1725286524,itemsData
Desc_CartridgeStandard_C,ammo,Rifle Ammo,Munitions de fusil,"Standard issue Rifle ammunition, useful for establishing dominance.","Munitions standards de fusil, utile pour établir votre domination.",https://static.satisfactory-calculator.com/img/gameStable1.0/IconDesc_Rifle_256.png?v=1725286523,itemsData
Desc_CartridgeSmartProjectile_C,ammo,Homing Rifle Ammo,Munitions de fusil à têtes chercheuses,"The bullet guidance system built into this ammunition allows it to accurately hit any target within the reticle area.<br />Especially useful when dealing with agile threats, or for Pioneers who can't be bothered to aim properly.","Le système de guidage des projectiles intégré à ces munitions leur permet d'atteindre avec précision toute cible se trouvant dans la zone du réticule.<br />Particulièrement utile pour gérer les menaces agiles, ou bien pour les pionniers qui ne veulent pas se donner la peine de viser correctement.",https://static.satisfactory-calculator.com/img/gameStable1.0/IconDesc_HomingRifle_256.png?v=1725286524,itemsData
Desc_CartridgeChaos_C,ammo,Turbo Rifle Ammo,Munitions de fusil turbo,"Lightweight, compact, and volatile. These rounds provide extreme capacity and rate of fire at the cost of accuracy.","Légères, compactes et volatiles. Ces cartouches offrent une capacité et des cadences de tir extrêmes, au détriment de la précision.",https://static.satisfactory-calculator.com/img/gameStable1.0/IconDesc_TurboRifle_256.png?v=1725286524,itemsData
Desc_NobeliskExplosive_C,ammo,Nobelisk,Nobélisque,"A simple explosive, useful for clearing boulders, vegetation, and other obstacles.","Un simple explosif, utile pour détruire des rochers fissurés, de la végétation et d'autres obstacles.",https://static.satisfactory-calculator.com/img/gameStable1.0/IconDesc_Explosive_256.png?v=1725286513,itemsData
Desc_NobeliskGas_C,ammo,Gas Nobelisk,Nobélisque à gaz,Creates a deadly gas cloud instead of a regular explosion.,Sa détonation forme un nuage de gaz létal au lieu d'une explosion.,https://static.satisfactory-calculator.com/img/gameStable1.0/IconDesc_Gas_256.png?v=1725286513,itemsData
Desc_NobeliskShockwave_C,ammo,Pulse Nobelisk,Nobélisque à impulsion,Generates a powerful shockwave instead of a regular explosion.,Génère une puissante onde de choc au lieu d'une explosion.,https://static.satisfactory-calculator.com/img/gameStable1.0/IconDesc_Shock_256.png?v=1725286513,itemsData
Desc_NobeliskCluster_C,ammo,Cluster Nobelisk,Nobélisque à fragmentation,Detonates into multiple smaller explosions. Practical for clearing out large areas of vegetation and other inconveniences.,Sa détonation provoque plusieurs petites explosions. Pratique pour nettoyer une grande surface de sa végétation et d'autres désagréments.,https://static.satisfactory-calculator.com/img/gameStable1.0/IconDesc_Cluster_256.png?v=1725286513,itemsData
Desc_NobeliskNuke_C,ammo,Nuke Nobelisk,Nobélisque nucléaire,Uses a nuclear fission reaction to generate a massive explosion.<br />WARNING: Ensure all FICSIT property is clear of the blast zone before detonation.,Utilise une réaction de fission nucléaire pour générer une explosion massive.<br />AVERTISSEMENT : assurez-vous que tous les biens FICSIT sont à l'écart de la zone d'explosion avant la détonation.,https://static.satisfactory-calculator.com/img/gameStable1.0/IconDesc_Nuke_256.png?v=1725286513,itemsData
Desc_ElectromagneticControlRod_C,nuclear,Electromagnetic Control Rod,Tige de contrôle électromagnétique,Regulates power output via electromagnetism.,Régule la production d'énergie via l'électromagnétisme.,https://static.satisfactory-calculator.com/img/gameStable1.0/IconDesc_ElectromagneticControlRod_256.png?v=1725286512,itemsData
Desc_UraniumCell_C,nuclear,Encased Uranium Cell,Cellule d'uranium compactée,Used to produce Uranium Fuel Rods for Nuclear Power production. Made from Uranium Ore.<br /><br />Caution: Mildly Radioactive.,Utilisée pour produire des barres d'uranium pour la production d'énergie nucléaire. Fabriquée à partir de minerai d'uranium.<br /><br />Attention : produit légèrement radioactif.,https://static.satisfactory-calculator.com/img/gameStable1.0/IconDesc_NuclearCell_256.png?v=1725286508,itemsData
Desc_NonFissibleUranium_C,nuclear,Non-Fissile Uranium,Uranium non fissile,"The Uranium-238 isotope is non-fissile, meaning it cannot be used for nuclear fission. It can, however, be converted into fissile Plutonium in the Particle Accelerator.<br /><br />Caution: Mildly Radioactive.","L'isotope d'uranium-238 est non fissile, ce qui signifie qu'il ne peut pas subir de fission nucléaire. Il peut cependant être converti en plutonium fissile dans l'accélérateur de particules.<br /><br />Attention : produit légèrement radioactif.",https://static.satisfactory-calculator.com/img/gameStable1.0/IconDesc_NonFissileUranium_256.png?v=1725286509,itemsData
Desc_PlutoniumPellet_C,nuclear,Plutonium Pellet,Granulés de plutonium,Produced in the Particle Accelerator through conversion of Non-fissile Uranium.<br />Used to produce Encased Plutonium Cells for Plutonium Fuel Rods.<br /><br />Power Usage: 250-750 MW (500 MW average).<br />Caution: Moderately Radioactive.,Produits dans l’accélérateur de particules par conversion d'uranium non fissile.<br />Utilisés pour produire des cellules de plutonium encastré pour les barres de plutonium.<br /><br />Consommation d’énergie : 250-750 MW (500 MW en moyenne).<br />Attention : produit modérément radioactif.,https://static.satisfactory-calculator.com/img/gameStable1.0/IconDesc_PlutoniumPellet_256.png?v=1725286511,itemsData
Desc_PlutoniumCell_C,nuclear,Encased Plutonium Cell,Cellule de plutonium encastré,Plutonium Pellets encased in concrete.<br />Used to produce Plutonium Fuel Rods for Nuclear Power production.<br /><br />Power Usage: 250-750 MW (500 MW average).<br />﻿Caution: Moderately Radioactive.,Des granulés de plutonium encastrés dans du béton.<br />Utilisée pour produire des barres de plutonium pour la production d'énergie nucléaire.<br /><br />Consommation d’énergie : 250-750 MW (500 MW en moyenne).<br />Attention : produit modérément radioactif.,https://static.satisfactory-calculator.com/img/gameStable1.0/IconDesc_EncasedPlutoniumCell_256.png?v=1725286508,itemsData
Desc_Ficsonium_C,nuclear,Ficsonium,Ficsonium,"Usage and production of this material is strictly prohibited. On Earth, that is. There are no rules in space, only efficiency.<br /><br />Power Usage: 500-1500 MW (1000 MW average).<br />Caution: Moderately Radioactive.","L'utilisation et la production de ce matériau sont formellement interdites. Enfin, sur Terre. Il n'y a pas de règles dans l'espace. Seule compte l'efficacité.<br /><br />Consommation d'énergie : 500-1500 MW (1000 MW en moyenne).<br />Attention : produit modérément radioactif.",https://static.satisfactory-calculator.com/img/gameStable1.0/IconDesc_FicsoniumCell_256.png?v=1725286507,itemsData
Desc_FicsoniumFuelRod_C,nuclear,Ficsonium Fuel Rod,Barre de ficsonium,Used as fuel for Nuclear Power Plants.<br />The power source that put FICSIT on the map. Literally. The crater is still there.<br /><br />Caution: Moderately Radioactive.,Utilisée comme combustible dans les centrales nucléaires.<br />La source d'énergie qui a permis à FICSIT de laisser sa marque. Littéralement. Le cratère est toujours là.<br /><br />Attention : produit modérément radioactif.,https://static.satisfactory-calculator.com/img/gameStable1.0/IconDesc_FicsoniumFuelRod_256.png?v=1725286511,itemsData
Desc_NuclearWaste_C,waste,Uranium Waste,Déchets d'uranium,The by-product of consuming Uranium Fuel Rods in a Nuclear Power Plant.<br />Non-fissile Uranium can be extracted. Handle with caution.<br /><br />Caution: HIGHLY Radioactive.,Le sous-produit de la consommation de barres d'uranium dans une centrale nucléaire.<br />L'Uranium non fissible peux être extrait. À manipuler avec précaution.<br /><br />Attention : produit EXTRÊMEMENT radioactif.,https://static.satisfactory-calculator.com/img/gameStable1.0/IconDesc_NuclearWaste_256.png?v=1725286518,itemsData
Desc_PlutoniumWaste_C,waste,Plutonium Waste,Déchets de plutonium,The by-product of consuming Plutonium Fuel Rods in a Nuclear Power Plant.<br />Must be stored in a safe location. Handle with caution.<br /><br />Caution: EXTREMELY Radioactive.,Le sous-produit de la consommation de barres de plutonium dans une centrale nucléaire.<br />Doit être stocké dans un endroit sûr. À manipuler avec prudence.<br /><br />Attention : produit EXTRÊMEMENT radioactif.,https://static.satisfactory-calculator.com/img/gameStable1.0/IconDesc_PlutoniumWaste_256.png?v=1725286518,itemsData
Desc_Crystal_C,special,Blue Power Slug,Électrolimace bleue,A strange slug radiating an unknown weak power.,Une limace étrange dont émane une faible énergie inconnue.,https://static.satisfactory-calculator.com/img/gameStable1.0/PowerSlugGreen_256.png?v=1725286505,itemsData
Desc_Crystal_mk2_C,special,Yellow Power Slug,Électrolimace jaune,A strange slug radiating an unknown power.,Une limace étrange dont émane une énergie inconnue.,https://static.satisfactory-calculator.com/img/gameStable1.0/PowerSlugYellow_256.png?v=1725286505,itemsData
Desc_Crystal_mk3_C,special,Purple Power Slug,Électrolimace violette,A strange slug radiating a powerful unknown power.,Une limace étrange dont émane une puissante énergie inconnue.,https://static.satisfactory-calculator.com/img/gameStable1.0/PowerSlugPurple_256.png?v=1725286505,itemsData
Desc_CrystalShard_C,special,Power Shard,Éclat de charge,Power Slug mucus compressed into a solid crystal-like shard.<br />It radiates a strange power.,"Du mucus d'électrolimace compressé en un éclat solide, pareil à un cristal.<br />Il en émane une étrange énergie.",https://static.satisfactory-calculator.com/img/gameStable1.0/PowerShard_256.png?v=1725286505,itemsData
Desc_ResourceSinkCoupon_C,special,FICSIT Coupon,Bon FICSIT,"A special FICSIT bonus program Coupon, obtained through the AWESOME Sink. Can be redeemed in the AWESOME Shop for bonus milestones and rewards.","Un coupon spécial du programme de bonus FICSIT, obtenu grâce au Broyeur AWESOME. Peut être échangé dans le Magasin AWESOME pour débloquer des objectifs et des récompenses bonus.",https://static.satisfactory-calculator.com/img/gameStable1.0/IconDesc_Ficsit_Coupon_256.png?v=1725286507,itemsData
Desc_SpaceElevatorPart_1_C,special,Smart Plating,Placage intelligent,Project Part #1. Ship via the Space Elevator to complete phases of Project Assembly.,Pièce n°1 du Projet. Envoyez via l'Ascenseur Spatial pour compléter des phases de l'Assemblage du Projet.,https://static.satisfactory-calculator.com/img/gameStable1.0/IconDesc_SpelevatorPart_1_256.png?v=1725286514,itemsData
Desc_SpaceElevatorPart_2_C,special,Versatile Framework,Structure polyvalente,Project Part #2. Ship via the Space Elevator to complete phases of Project Assembly.,Pièce n°2 du Projet. Envoyez via l'Ascenseur Spatial pour compléter des phases de l'Assemblage du Projet.,https://static.satisfactory-calculator.com/img/gameStable1.0/IconDesc_SpelevatorPart_2_256.png?v=1725286510,itemsData
Desc_SpaceElevatorPart_3_C,special,Automated Wiring,Câblage automatisé,Project Part #3. Ship via the Space Elevator to complete phases of Project Assembly.,Pièce n°3 du Projet. Envoyez via l'Ascenseur Spatial pour compléter des phases de l'Assemblage du Projet.,https://static.satisfactory-calculator.com/img/gameStable1.0/SpelevatorPart_3_256.png?v=1725286508,itemsData
Desc_SpaceElevatorPart_4_C,special,Modular Engine,Moteur modulaire,Project Part #4. Ship via the Space Elevator to complete phases of Project Assembly.,Pièce n°4 du Projet. Envoyez via l'Ascenseur Spatial pour compléter des phases de l'Assemblage du Projet.,https://static.satisfactory-calculator.com/img/gameStable1.0/IconDesc_SpelevatorPart_4_256.png?v=1725286513,itemsData
Desc_SpaceElevatorPart_5_C,special,Adaptive Control Unit,Unité de contrôle adaptative,Project Part #5. Ship via the Space Elevator to complete phases of Project Assembly.,Pièce n°5 du Projet. Envoyez via l'Ascenseur Spatial pour compléter des phases de l'Assemblage du Projet.,https://static.satisfactory-calculator.com/img/gameStable1.0/IconDesc_SpelevatorPart_5_256.png?v=1725286516,itemsData
Desc_SpaceElevatorPart_7_C,special,Assembly Director System,Système de Directeur d'Assemblage,Project Part #6. Ship via the Space Elevator to complete phases of Project Assembly.<br /><br />This extremely fast and precise computing system is specifically designed to direct the Project Assembly: Assembly Phase.,Pièce n°6 du Projet. Envoyez via l'Ascenseur Spatial pour compléter des phases de l'Assemblage du Projet.<br /><br />Ce système informatique extrêmement rapide et précis est spécifiquement conçu pour réaliser la phase d'Assemblage du Projet Assemblage.,https://static.satisfactory-calculator.com/img/gameStable1.0/IconDesc_AssemblyDirectorSystem_256.png?v=1725286511,itemsData
Desc_SpaceElevatorPart_6_C,special,Magnetic Field Generator,Générateur de champ magnétique,Project Part #7. Ship via the Space Elevator to complete phases of Project Assembly.<br /><br />These modular generators use superconducting magnets and vast amounts of electricity to produce a powerful and easily expandable magnetic field.,Pièce n°7 du Projet. Envoyez via l'Ascenseur Spatial pour compléter des phases de l'Assemblage du Projet.<br /><br />Ces générateurs modulaires utilisent des aimants supraconducteurs et de grandes quantités d'électricité pour produire un champ magnétique puissant et facilement extensible.,https://static.satisfactory-calculator.com/img/gameStable1.0/IconDesc_MagneticFieldGenerator_256.png?v=1725286510,itemsData
Desc_SpaceElevatorPart_8_C,special,Thermal Propulsion Rocket,Fusée à propulsion thermique,Project Part #8. Ship via the Space Elevator to complete phases of Project Assembly.<br /><br />Uses extreme heat to produce the high-pressure plasma required to get Project Assembly into motion.,Pièce n°8 du Projet. Envoyez via l'Ascenseur Spatial pour compléter des phases de l'Assemblage du Projet.<br /><br />Fait appel à une chaleur extrême pour produire le plasma à haute pression nécessaire à la mise en œuvre du Projet Assemblage.,https://static.satisfactory-calculator.com/img/gameStable1.0/IconDesc_ThermalPropulsionRocket_256.png?v=1725286517,itemsData
Desc_SpaceElevatorPart_9_C,special,Nuclear Pasta,Pâte nucléaire,"Project Part #9. Ship via the Space Elevator to complete phases of Project Assembly.<br />Power Usage: 500-1500 MW (1000 MW average).<br /><br />Nuclear Pasta is extremely dense degenerate matter, formed when extreme pressure forces protons and electrons together into neutrons. It is theorized to exist naturally within the crust of neutron stars.","Pièce n°9 du Projet. Envoyez via l'Ascenseur Spatial pour compléter des phases de l'Assemblage du Projet.<br />Consommation d'énergie : 500-1500 MW (1000 MW en moyenne).<br /><br />La pâte nucléaire est une matière dégénérée extrêmement dense, formée lorsqu'une pression extrême force des protons et des électrons à s'assembler en neutrons. Elle existe théoriquement à l'état naturel à l'intérieur de la croûte des étoiles à neutron.",https://static.satisfactory-calculator.com/img/gameStable1.0/IconDesc_NuclearPasta_256.png?v=1725286516,itemsData
Desc_SpaceElevatorPart_10_C,special,Biochemical Sculptor,Sculptrice biochimique,"Project Part #10. Ship via the Space Elevator to complete phases of Project Assembly.<br /><br />Years ahead of the competition, this top-of-the-line 3D printer is used for the production of synthetic biological resources.","Pièce n°10 du Projet. Envoyez via l'Ascenseur Spatial pour compléter des phases de l'Assemblage du Projet.<br /><br />Avec des années d'avance sur la concurrence, cette imprimante 3D de pointe est utilisée pour la production de ressources biologiques synthétiques.",https://static.satisfactory-calculator.com/img/gameStable1.0/IconDesc_BiochemicalSculptor_256.png?v=1725286516,itemsData
Desc_SpaceElevatorPart_11_C,special,Ballistic Warp Drive,Moteur à distorsion balistique,"Project Part #11. Ship via the Space Elevator to complete phases of Project Assembly.<br /><br />A large amount of force is required for the Warp Drives to activate, so sticking them to rockets was the logical next step. Additionally, results improved immensely when the observers were further removed from the Warp Drives upon activation.","Pièce n°11 du Projet. Envoyez via l'Ascenseur Spatial pour compléter des phases de l'Assemblage du Projet.<br /><br />L'activation des moteurs à distorsion nécessite une force importante, si bien que les attacher à des fusées était une évidence. En outre, les résultats se sont considérablement améliorés après avoir davantage éloigné les observateurs des moteurs à distorsion au moment de leur activation.",https://static.satisfactory-calculator.com/img/gameStable1.0/IconDesc_BallisticWarpDrive_256.png?v=1725286510,itemsData
Desc_SpaceElevatorPart_12_C,special,AI Expansion Server,Serveur d'expansion d'I.A.,Project Part #12. Ship via the Space Elevator to complete phases of Project Assembly.<br />Power Usage: 0-2000 MW (1000 MW average).<br /><br />Growth is the metric by which we measure success.,Pièce n°12 du Projet. Envoyez via l'Ascenseur Spatial pour compléter des phases de l'Assemblage du Projet.<br />Consommation d'énergie : 0-2000 MW (1000 MW en moyenne).<br /><br />La croissance est le critère par lequel nous mesurons le succès.,https://static.satisfactory-calculator.com/img/gameStable1.0/IconDesc_AIExpension_256.png?v=1725286510,itemsData
Desc_CharacterRunStatue_C,statue,Adequate Pioneering,Pionnière adéquate,The statue of the Running Character.,La statue du personnage en pleine course.,https://static.satisfactory-calculator.com/img/gameStable1.0/TXUI_Award_CharBronze_256.png?v=1725286579,itemsData
Desc_CharacterClap_Statue_C,statue,Pretty Good Pioneering,Pionnière plutôt habile,The statue of the Clapping Character.,La statue du personnage applaudissant.,https://static.satisfactory-calculator.com/img/gameStable1.0/IconDesc_AwardStatue_Char_256.png?v=1725286579,itemsData
Desc_CharacterSpin_Statue_C,statue,Satisfactory Pioneering,Pionnière de Satisfactory,The statue of the Character Spinning the Build Gun.,La statue du personnage faisant des moulinets avec son pistolet de construction.,https://static.satisfactory-calculator.com/img/gameStable1.0/TXUI_Award_CharGold_256.png?v=1725286579,itemsData
Desc_Hog_Statue_C,statue,Silver Hog,Sanglier extraterrestre en argent,The statue of the Silver Pouncing Hog. Perfect as a hood ornament.,La statue d'un porc en argent en plein vol. Une décoration pleine de goût.,https://static.satisfactory-calculator.com/img/gameStable1.0/TXUI_Award_Hog_256.png?v=1725286578,itemsData
Desc_GoldenNut_Statue_C,statue,Golden Nut,Noix d'or,The statue of the Golden Nut.,La statue de la Noix d'or.,https://static.satisfactory-calculator.com/img/gameStable1.0/TXUI_Award_Nut_256.png?v=1725286578,itemsData
Desc_DoggoStatue_C,statue,Lizard Doggo Statue,Statue de lézard doggo,The statue of the Lizard Doggo.,La statue du Lézard Doggo.,https://static.satisfactory-calculator.com/img/gameStable1.0/TXUI_Award_LizardDoggo_256.png?v=1725286579,itemsData
Desc_SpaceGiraffeStatue_C,statue,Confusing Creature,Créature déroutante,The statue of the Space Giraffe.,La statue de la Girafe de l'espace.,https://static.satisfactory-calculator.com/img/gameStable1.0/TXUI_Award_SpaceGiraffe_256.png?v=1725286578,itemsData
Desc_Gift_C,ficsmas,FICSMAS Gift,Cadeau FICSMAS,"Gifts that have inexplicably fallen from the sky or spawned from a FICSMAS Gift Tree.<br /><br />Don't question it—they're used to produce FICSMAS buildings and parts.<br /><br />These Gifts are part of the FICSMAS Event, like the calendar in the HUB.","Des cadeaux tombés du ciel de manière inexpliquée, ou apparu à proximité d'un arbre festif de FICSMAS.<br /><br />Ne vous inquiétez pas, ils sont utilisés pour fabriquer des bâtiments et des pièces FICSMAS.<br /><br />Ces cadeaux font partie de l'événement de FICSMAS, tout comme le calendrier dans le H.U.B.",https://static.satisfactory-calculator.com/img/gameStable1.0/IconDesc_Gift_256.png?v=1735383027,itemsData
Desc_CandyCane_C,ficsmas,Candy Cane,Sucre d'orge,A delicious Candy Cane to be enjoyed during the FICSMAS Holidays.<br />*Disclaimer: Not for human consumption...,Un délicieux sucre d'orge à déguster pendant les vacances de FICSMAS.<br />*Avertissement : impropre à la consommation...,https://static.satisfactory-calculator.com/img/gameStable1.0/IconDesc_CanePart_256.png?v=1735383027,itemsData
Desc_Snow_C,ficsmas,FICSMAS Actual Snow,Vraie neige de FICSMAS,This Actual Snow is made from several chemical elements and experiences 100% like naturally occuring snow after extensive user testing.,"Cette vraie neige est composée de différents éléments chimiques, et se comporte à 100 % comme une neige naturelle selon un panel de tests approfondis auprès d'utilisateurs.",https://static.satisfactory-calculator.com/img/gameStable1.0/IconDesc_Snow_256.png?v=1735383028,itemsData
Desc_XmasBall1_C,ficsmas,Red FICSMAS Ornament,Décoration FICSMAS rouge,An ornament for making FICSMAS Decorations. An acceptable red.,Une décoration de FICSMAS permettant de créer d'autres décorations. D'un rouge acceptable.,https://static.satisfactory-calculator.com/img/gameStable1.0/IconDesc_XmasBall_Red_256.png?v=1735383028,itemsData
Desc_XmasBall2_C,ficsmas,Blue FICSMAS Ornament,Décoration FICSMAS bleue,An ornament for making FICSMAS Decorations. A mildly pleasing blue.,Une décoration de FICSMAS permettant de créer d'autres décorations. D'un bleu moyennement plaisant.,https://static.satisfactory-calculator.com/img/gameStable1.0/IconDesc_XmasBall_Blue_256.png?v=1735383026,itemsData
Desc_XmasBall3_C,ficsmas,Copper FICSMAS Ornament,Décoration FICSMAS en cuivre,An ornament for making FICSMAS Decorations. A slightly dignified copper.,Une décoration de FICSMAS permettant de créer d'autres décorations. D'une teinte de cuivre un peu noble.,https://static.satisfactory-calculator.com/img/gameStable1.0/IconDesc_XmasBall_Yellow_256.png?v=1735383026,itemsData
Desc_XmasBall4_C,ficsmas,Iron FICSMAS Ornament,Décoration FICSMAS en fer,An ornament for making FICSMAS Decorations. An okay iron.,Une décoration de FICSMAS permettant de créer d'autres décorations. D'une teinte de fer basique.,https://static.satisfactory-calculator.com/img/gameStable1.0/IconDesc_XmasBall_Silver_256.png?v=1735383026,itemsData
Desc_XmasBallCluster_C,ficsmas,FICSMAS Ornament Bundle,Lot d'ornements FICSMAS,A collection of FICSMAS ornaments and also an eyesore.,Un ensemble de décorations de FICSMAS de très mauvais goût.,https://static.satisfactory-calculator.com/img/gameStable1.0/IconDesc_Balls_256.png?v=1735383027,itemsData
Desc_XmasBow_C,ficsmas,FICSMAS Bow,Nœud de FICSMAS,"A fancy bow. Not for wearing, eating, admiring, Lizard Doggos, humans, aliens, or anything not related to FICSMAS factory production.","Un joli nœud. N'est pas conçu pour être porté, pour être mangé, pour être admiré, pour les lézards doggo, pour les humains, pour les extraterrestres, ou tout ce qui ne relève pas de la production industrielle de FICSMAS.",https://static.satisfactory-calculator.com/img/gameStable1.0/IconDesc_Bow_256.png?v=1735383026,itemsData
Desc_XmasBranch_C,ficsmas,FICSMAS Tree Branch,Branche d’arbre FICSMAS,"This FICSMAS Tree Branch is very different from regular tree branches: it's used to produce parts and buildings during the FICSMAS event, rather than for combustion.","Cette branche d'arbre de FICSMAS est très différente des branches d'arbre normales : elle permet de produire des pièces et des bâtiments lors de l'événement de FICSMAS, plutôt que d'être brûlée.",https://static.satisfactory-calculator.com/img/gameStable1.0/IconDesc_Branch_256.png?v=1735383027,itemsData
Desc_XmasStar_C,ficsmas,FICSMAS Wonder Star,Étoile merveilleuse FICSMAS,"A symbol of appreciation for all the hard work FICSIT has done for its employees. It seems to have an aura of gratitude. Seeing this also means the seasonal event is nearly done, and we can finally get back to Saving The Day.","Un symbole de reconnaissance pour tout le travail accompli par FICSIT pour ses employés. Semble empreinte d'une aura de gratitude. Indique également la fin imminente de cet événement saisonnier, permettant un retour au programme Sauver la mise.",https://static.satisfactory-calculator.com/img/gameStable1.0/IconDesc_Star_256.png?v=1735383027,itemsData
Desc_XmasWreath_C,ficsmas,FICSMAS Wreath,Couronne FICSMAS,FICSIT's newest holiday innovation: decorations that can be turned into decorations! Efficiency and waste-conscious design at its best.,La nouvelle innovation de FICSIT en matière de célébration : des décorations pouvant être transformées en décorations ! Le summum de l'efficacité et de la prévention du gaspillage.,https://static.satisfactory-calculator.com/img/gameStable1.0/IconDesc_Wreath_256.png?v=1735720725,itemsData
Desc_SnowballProjectile_C,ficsmas,Snowball,Boule de neige,Compressed dihydrogen monoxide crystals for weaponized fun!,"Des cristaux de monoxyde de dihydrogène compressés, pour combattre en s'amusant !",https://static.satisfactory-calculator.com/img/gameStable1.0/IconDesc_SnowballProjectile_256.png?v=1735383028,itemsData
Desc_Fireworks_Projectile_01_C,ficsmas,Sweet Fireworks,Jolis feux d'artifices,Has the minimum safety requirements.,Répond à des critères de sécurité minimaux.,https://static.satisfactory-calculator.com/img/gameStable1.0/IconDesc_Rocket01_256.png?v=1725286503,itemsData
Desc_Fireworks_Projectile_02_C,ficsmas,Fancy Fireworks,Feux d'artifice fantaisie,Poses acceptable amount of risk to pioneers.,Présente un niveau de risque acceptable pour les pionniers.,https://static.satisfactory-calculator.com/img/gameStable1.0/IconDesc_Rocket02_256.png?v=1725286503,itemsData
Desc_Fireworks_Projectile_03_C,ficsmas,Sparkly Fireworks,Feux d'artifice étincelants,Keep away from easily distracted pioneers.,À tenir éloigné des pionniers facilement distraits.,https://static.satisfactory-calculator.com/img/gameStable1.0/IconDesc_Rocket03_256.png?v=1725286503,itemsData
Desc_XmasDataCartridge1_C,ficsmas,FICSMAS Data Cartridge Day 1,Banque de donnée FICSMAS Jour 1,"FICSMAS Data Cartridge Day 1, used to progress FICSMAS MAM research.","Banque de donnée FICSMAS Jour 1, utilisé pour faire progresser la recherche FICSMAS dans le MAM.",https://static.satisfactory-calculator.com/img/gameStable1.0/IconDesc_FICSMAS_Cartridge_256.png?v=1735383029,itemsData
Desc_XmasDataCartridge2_C,ficsmas,FICSMAS Data Cartridge Day 4,Banque de donnée FICSMAS Jour 4,"FICSMAS Data Cartridge Day 4, used to progress FICSMAS MAM research.","Banque de donnée FICSMAS Jour 4, utilisé pour faire progresser la recherche FICSMAS dans le MAM.",https://static.satisfactory-calculator.com/img/gameStable1.0/IconDesc_FICSMAS_Cartridge_256.png?v=1735383029,itemsData
Desc_XmasDataCartridge3_C,ficsmas,FICSMAS Data Cartridge Day 8,Banque de donnée FICSMAS Jour 8,"FICSMAS Data Cartridge Day 8, used to progress FICSMAS MAM research.","Banque de donnée FICSMAS Jour 8, utilisé pour faire progresser la recherche FICSMAS dans le MAM.",https://static.satisfactory-calculator.com/img/gameStable1.0/IconDesc_FICSMAS_Cartridge_256.png?v=1735383029,itemsData
Desc_XmasDataCartridge4_C,ficsmas,FICSMAS Data Cartridge Day 14,Banque de donnée FICSMAS Jour 14,"FICSMAS Data Cartridge Day 14, used to progress FICSMAS MAM research.","Banque de donnée FICSMAS Jour 14, utilisé pour faire progresser la recherche FICSMAS dans le MAM.",https://static.satisfactory-calculator.com/img/gameStable1.0/IconDesc_FICSMAS_Cartridge_256.png?v=1735383029,itemsData
Char_SpaceRabbit_C,wildlife,Lizard Doggo,Chien reptilien,"The Lizard Doggo is a short reptilian dog-like creature, which can be tamed by the pioneer.","Le lézard Doggo est un petit reptile ressemblant à un chien, qui peut être dressé par un pionnier.",https://static.satisfactory-calculator.com/img/gameStable1.0/IconDesc_LizardDoggo_256.png?v=1725286522,faunaData
Char_SpaceGiraffe_C,wildlife,Space Giraffe-Tick-Penguin-Whale Thing,Machin Girafe-Tique-Pingouin-Baleine de l'espace,The Space Giraffe-Tick-Penguin-Whale Thing is a passive land creature found throughout the world.,Le machin Girafe-Tique-Pingouin-Baleine de l'espace est une créature terrestre passive que l'on trouve partout dans le monde.,https://static.satisfactory-calculator.com/img/gameStable1.0/IconDesc_SpaceTick_256.png?v=1725286521,faunaData
Char_NonFlyingBird_C,wildlife,Non Flying Bird,Oiseau non volant,The Space Giraffe-Tick-Penguin-Whale Thing is a passive land creature found throughout the world.,Le machin Girafe-Tique-Pingouin-Baleine de l'espace est une créature terrestre passive que l'on trouve partout dans le monde.,https://static.satisfactory-calculator.com/img/gameStable1.0/IconDesc_NonFlyingBird_256.png?v=1725286522,faunaData
Char_Hog_C,enemy,Fluffy-tailed Hog,Porc alien à queue touffue,"The Fluffy-tailed Hog (a.k.a 'Hog'), is a melee hostile creature that deals damage with its tackle attack.","Le Sanglier à queue touffue (alias ""Sanglier ""), est une créature hostile au corps à corps qui inflige des blessures avec son attaque tacle.",https://static.satisfactory-calculator.com/img/gameStable1.0/IconDesc_Hog_256.png?v=1725286521,faunaData
Char_AlphaHog_C,enemy,Alpha Hog,Sanglier extraterrestre alpha,"The Alpha Hog (a.k.a 'Hog'), is a melee hostile creature that deals damage with its tackle attack.","Le Sanglier Alpha (alias ""Sanglier""), est une créature hostile qui fonce sur vous pour vous infliger des dégâts.",https://static.satisfactory-calculator.com/img/gameStable1.0/IconDesc_HogAlpha_256.png?v=1725286521,faunaData
Char_CliffHog_C,enemy,Cliff Hog,Sanglier extraterrestre des falaises,"The Cliff Hog (a.k.a 'Hog'), is a melee hostile creature that deals damage with its tackle attack.","Le Sanglier à queue touffue (alias ""Sanglier""), est une créature hostile qui fonce sur vous pour vous infliger des dégâts.",https://static.satisfactory-calculator.com/img/gameStable1.0/IconDesc_CliffHog_256.png?v=1725286522,faunaData
Char_NuclearHog_C,enemy,Nuclear Hog,Sanglier Nucléaire,"The Nuclear Hog (a.k.a 'Hog'), is a melee hostile creature that deals damage with its tackle attack.","Le Sanglier Nucléaire (alias ""Sanglier""), est une créature hostile qui fonce sur vous pour vous infliger des dégâts.",https://static.satisfactory-calculator.com/img/gameStable1.0/IconDesc_NuclearHog_256.png?v=1725286522,faunaData
Char_Johnny_C,enemy,Johnny 'The Jetpack' Hog,Johnny 'Le Jetpack' Hog,"The Fluffy-tailed Hog (a.k.a 'Hog'), is a melee hostile creature that deals damage with its tackle attack.","Le Sanglier à queue touffue (alias ""Sanglier ""), est une créature hostile au corps à corps qui inflige des blessures avec son attaque tacle.",https://static.satisfactory-calculator.com/img/gameStable1.0/IconDesc_Hog_256.png?v=1725286521,faunaData
Char_Spitter_Alternative_C,enemy,Green Alpha Spitter,Cracheur Alpha Vert,Green Alpha Spitter are the larger and more powerful variant of the Spitter.,Les cracheurs alpha verts sont la variante plus grande et plus puissante du cracheur.,https://static.satisfactory-calculator.com/img/faunaIcons/Char_Spitter_Small_C.png?v=1638444933,faunaData
Char_SpitterDesertSmall_C,enemy,Desert Spitter,Cracheur du désert,The Spitter is a ranged hostile creature that deals damage with its fireball attack.,Le Cracheur est une créature hostile à distance qui inflige des blessures avec ses boules de feu.,https://static.satisfactory-calculator.com/img/gameStable1.0/IconDesc_SpitterDesert_256.png?v=1725286521,faunaData
Char_SpitterDesertAlpha_C,enemy,Desert Alpha Spitter,Cracheur Alpha Vert,Alpha Spitter are the larger and more powerful variant of the Spitter.,Le cracheur alpha est la variante la plus grande et la plus puissante du cracheur.,https://static.satisfactory-calculator.com/img/gameStable1.0/IconDesc_SpitterDesertAlpha_256.png?v=1725286520,faunaData
Char_SpitterForestSmall_C,enemy,Forest Spitter,Cracheur de la forêt,The Spitter is a ranged hostile creature that deals damage with its fireball attack.,Le Cracheur est une créature hostile à distance qui inflige des blessures avec ses boules de feu.,https://static.satisfactory-calculator.com/img/gameStable1.0/IconDesc_SpitterForest_256.png?v=1725286522,faunaData
Char_SpitterForestAlpha_C,enemy,Forest Alpha Spitter,Cracheur Alpha de la Forêt,Alpha Spitter are the larger and more powerful variant of the Spitter.,Le cracheur alpha est la variante la plus grande et la plus puissante du cracheur.,https://static.satisfactory-calculator.com/img/gameStable1.0/IconDesc_SpitterForestAlpha_256.png?v=1725286520,faunaData
Char_SpitterForestRedSmall_C,enemy,Red Forest Spitter,Cracheur de la forêt rouge,The Spitter is a ranged hostile creature that deals damage with its fireball attack.,Le Cracheur est une créature hostile à distance qui inflige des blessures avec ses boules de feu.,https://static.satisfactory-calculator.com/img/gameStable1.0/IconDesc_SpitterRForest_256.png?v=1725286522,faunaData
Char_SpitterForestRedAlpha_C,enemy,Red Forest Alpha Spitter,Cracheur Alpha de la forêt rouge,Alpha Spitter are the larger and more powerful variant of the Spitter.,Le cracheur alpha est la variante la plus grande et la plus puissante du cracheur.,https://static.satisfactory-calculator.com/img/gameStable1.0/IconDesc_SpitterRForestAlpha_256.png?v=1725286523,faunaData
Char_SpitterAquaticSmall_C,enemy,Aquatic Spitter,Cracheur aquatique,The Spitter is a ranged hostile creature that deals damage with its fireball attack.,Le Cracheur est une créature hostile à distance qui inflige des blessures avec ses boules de feu.,https://static.satisfactory-calculator.com/img/gameStable1.0/IconDesc_SpitterAqua_256.png?v=1725286520,faunaData
Char_SpitterAquaticAlpha_C,enemy,Aquatic Alpha Spitter,Cracheur aquatique Alpha,Alpha Spitter are the larger and more powerful variant of the Spitter.,Le cracheur alpha est la variante la plus grande et la plus puissante du cracheur.,https://static.satisfactory-calculator.com/img/gameStable1.0/IconDesc_SpitterAquaAlpha_256.png?v=1725286521,faunaData
Char_Stinger_Child_C,enemy,Small Stinger,Petite dardeuse,"Stinger is a spider-like creature found mostly in caves and jungles. Its body consists of four pointy legs attached to their torso, and another 4 similar pointy appendages attached to its head which it uses for combat.",La Piqueuse est une créature semblable à une araignée que l'on trouve principalement dans des grottes et des jungles. Son corps est constitué de quatre pattes pointues attachées à leur torse et 4 autres annexes pointues semblables attachées à sa tête qu'elle utilise pour combattre.,https://static.satisfactory-calculator.com/img/gameStable1.0/IconDesc_StingerChild_256.png?v=1725286521,faunaData
Char_Stinger_C,enemy,Big Stinger,Grande Piqueuse,"Stinger is a spider-like creature found mostly in caves and jungles. Its body consists of four pointy legs attached to their torso, and another 4 similar pointy appendages attached to its head which it uses for combat.",La Piqueuse est une créature semblable à une araignée que l'on trouve principalement dans des grottes et des jungles. Son corps est constitué de quatre pattes pointues attachées à leur torse et 4 autres annexes pointues semblables attachées à sa tête qu'elle utilise pour combattre.,https://static.satisfactory-calculator.com/img/gameStable1.0/IconDesc_Stinger_256.png?v=1725286521,faunaData
Char_EliteStinger_C,enemy,Elite Stinger,Piqueuse d'élite,"Stinger is a spider-like creature found mostly in caves and jungles. Its body consists of four pointy legs attached to their torso, and another 4 similar pointy appendages attached to its head which it uses for combat.",La Piqueuse est une créature semblable à une araignée que l'on trouve principalement dans des grottes et des jungles. Son corps est constitué de quatre pattes pointues attachées à leur torse et 4 autres annexes pointues semblables attachées à sa tête qu'elle utilise pour combattre.,https://static.satisfactory-calculator.com/img/gameStable1.0/IconDesc_StingerElite_256.png?v=1725286522,faunaData
Char_CrabHatcher_C,enemy,Flying Crab Hatcher,Chasseur de crabes,"Flying Crab Hatchers are plant-like creatures with six glowing, hanging bulbs.",Les chasseur de crabes volants sont des créatures ressemblant à des plantes avec six ampoules suspendues.,https://static.satisfactory-calculator.com/img/gameStable1.0/IconDesc_Hatcher_256.png?v=1725286521,faunaData
Char_BigCrabHatcher_C,enemy,Big Flying Crab Hatcher,Créateur de Gros Crabe Volant,"Flying Crab Hatchers are plant-like creatures with six glowing, hanging bulbs.",Les chasseur de crabes volants sont des créatures ressemblant à des plantes avec six ampoules suspendues.,https://static.satisfactory-calculator.com/img/gameStable1.0/IconDesc_Hatcher_256.png?v=1725286521,faunaData
BP_FlyingBabyCrab_C,enemy,Flying Crab,Crabe volant,"The Flying Crab is a small, hostile flying creature that damages the player upon contact.",Le crabe volant est une petite créature hostile qui fait des dégâts au joueurs lorsqu'il rentre en contact avec lui.,https://static.satisfactory-calculator.com/img/faunaIcons/Char_BabyCrab_C.png?v=1638440041,faunaData
