index,name,image
100,Anubis,https://raw.githubusercontent.com/MythMega/mythmega.github.io.assets/refs/heads/master/assets/category/palworld/pal/Anubis.png
42,Arsox,https://raw.githubusercontent.com/MythMega/mythmega.github.io.assets/refs/heads/master/assets/category/palworld/pal/Arsox.png
98,Astegon,https://raw.githubusercontent.com/MythMega/mythmega.github.io.assets/refs/heads/master/assets/category/palworld/pal/Astegon.png
136,Azurmane,https://raw.githubusercontent.com/MythMega/mythmega.github.io.assets/refs/heads/master/assets/category/palworld/pal/Azurmane.png
82,Azurobe,https://raw.githubusercontent.com/MythMega/mythmega.github.io.assets/refs/heads/master/assets/category/palworld/pal/Azurobe.png
82,Azurobe Cryst,https://raw.githubusercontent.com/MythMega/mythmega.github.io.assets/refs/heads/master/assets/category/palworld/pal/Azurobe Cryst.png
137,Bastigor,https://raw.githubusercontent.com/MythMega/mythmega.github.io.assets/refs/heads/master/assets/category/palworld/pal/Bastigor.png
73,Beakon,https://raw.githubusercontent.com/MythMega/mythmega.github.io.assets/refs/heads/master/assets/category/palworld/pal/Beakon.png
50,Beegarde,https://raw.githubusercontent.com/MythMega/mythmega.github.io.assets/refs/heads/master/assets/category/palworld/pal/Beegarde.png
112,Bellanoir,https://raw.githubusercontent.com/MythMega/mythmega.github.io.assets/refs/heads/master/assets/category/palworld/pal/Bellanoir.png
112,Bellanoir Libero,https://raw.githubusercontent.com/MythMega/mythmega.github.io.assets/refs/heads/master/assets/category/palworld/pal/Bellanoir Libero.png
96,Blazamut,https://raw.githubusercontent.com/MythMega/mythmega.github.io.assets/refs/heads/master/assets/category/palworld/pal/Blazamut.png
96,Blazamut Ryu,https://raw.githubusercontent.com/MythMega/mythmega.github.io.assets/refs/heads/master/assets/category/palworld/pal/Blazamut Ryu.png
84,Blazehowl,https://raw.githubusercontent.com/MythMega/mythmega.github.io.assets/refs/heads/master/assets/category/palworld/pal/Blazehowl.png
84,Blazehowl Noct,https://raw.githubusercontent.com/MythMega/mythmega.github.io.assets/refs/heads/master/assets/category/palworld/pal/Blazehowl Noct.png
-1,Blue Slime,https://raw.githubusercontent.com/MythMega/mythmega.github.io.assets/refs/heads/master/assets/category/palworld/pal/Blue Slime.png
145,Braloha,https://raw.githubusercontent.com/MythMega/mythmega.github.io.assets/refs/heads/master/assets/category/palworld/pal/Braloha.png
30,Bristla,https://raw.githubusercontent.com/MythMega/mythmega.github.io.assets/refs/heads/master/assets/category/palworld/pal/Bristla.png
86,Broncherry,https://raw.githubusercontent.com/MythMega/mythmega.github.io.assets/refs/heads/master/assets/category/palworld/pal/Broncherry.png
86,Broncherry Aqua,https://raw.githubusercontent.com/MythMega/mythmega.github.io.assets/refs/heads/master/assets/category/palworld/pal/Broncherry Aqua.png
72,Bushi,https://raw.githubusercontent.com/MythMega/mythmega.github.io.assets/refs/heads/master/assets/category/palworld/pal/Bushi.png
72,Bushi Noct,https://raw.githubusercontent.com/MythMega/mythmega.github.io.assets/refs/heads/master/assets/category/palworld/pal/Bushi Noct.png
35,Caprity,https://raw.githubusercontent.com/MythMega/mythmega.github.io.assets/refs/heads/master/assets/category/palworld/pal/Caprity.png
35,Caprity Noct,https://raw.githubusercontent.com/MythMega/mythmega.github.io.assets/refs/heads/master/assets/category/palworld/pal/Caprity Noct.png
2,Cattiva,https://raw.githubusercontent.com/MythMega/mythmega.github.io.assets/refs/heads/master/assets/category/palworld/pal/Cattiva.png
-1,Cave Bat,https://raw.githubusercontent.com/MythMega/mythmega.github.io.assets/refs/heads/master/assets/category/palworld/pal/Cave Bat.png
44,Cawgnito,https://raw.githubusercontent.com/MythMega/mythmega.github.io.assets/refs/heads/master/assets/category/palworld/pal/Cawgnito.png
25,Celaray,https://raw.githubusercontent.com/MythMega/mythmega.github.io.assets/refs/heads/master/assets/category/palworld/pal/Celaray.png
25,Celaray Lux,https://raw.githubusercontent.com/MythMega/mythmega.github.io.assets/refs/heads/master/assets/category/palworld/pal/Celaray Lux.png
132,Celesdir,https://raw.githubusercontent.com/MythMega/mythmega.github.io.assets/refs/heads/master/assets/category/palworld/pal/Celesdir.png
3,Chikipi,https://raw.githubusercontent.com/MythMega/mythmega.github.io.assets/refs/heads/master/assets/category/palworld/pal/Chikipi.png
55,Chillet,https://raw.githubusercontent.com/MythMega/mythmega.github.io.assets/refs/heads/master/assets/category/palworld/pal/Chillet.png
55,Chillet Ignis,https://raw.githubusercontent.com/MythMega/mythmega.github.io.assets/refs/heads/master/assets/category/palworld/pal/Chillet Ignis.png
41,Cinnamoth,https://raw.githubusercontent.com/MythMega/mythmega.github.io.assets/refs/heads/master/assets/category/palworld/pal/Cinnamoth.png
18,Cremis,https://raw.githubusercontent.com/MythMega/mythmega.github.io.assets/refs/heads/master/assets/category/palworld/pal/Cremis.png
114,Croajiro,https://raw.githubusercontent.com/MythMega/mythmega.github.io.assets/refs/heads/master/assets/category/palworld/pal/Croajiro.png
114,Croajiro Noct,https://raw.githubusercontent.com/MythMega/mythmega.github.io.assets/refs/heads/master/assets/category/palworld/pal/Croajiro Noct.png
83,Cryolinx,https://raw.githubusercontent.com/MythMega/mythmega.github.io.assets/refs/heads/master/assets/category/palworld/pal/Cryolinx.png
83,Cryolinx Terra,https://raw.githubusercontent.com/MythMega/mythmega.github.io.assets/refs/heads/master/assets/category/palworld/pal/Cryolinx Terra.png
19,Daedream,https://raw.githubusercontent.com/MythMega/mythmega.github.io.assets/refs/heads/master/assets/category/palworld/pal/Daedream.png
123,Dazemu,https://raw.githubusercontent.com/MythMega/mythmega.github.io.assets/refs/heads/master/assets/category/palworld/pal/Dazemu.png
62,Dazzi,https://raw.githubusercontent.com/MythMega/mythmega.github.io.assets/refs/heads/master/assets/category/palworld/pal/Dazzi.png
62,Dazzi Noct,https://raw.githubusercontent.com/MythMega/mythmega.github.io.assets/refs/heads/master/assets/category/palworld/pal/Dazzi Noct.png
-1,Demon Eye,https://raw.githubusercontent.com/MythMega/mythmega.github.io.assets/refs/heads/master/assets/category/palworld/pal/Demon Eye.png
17,Depresso,https://raw.githubusercontent.com/MythMega/mythmega.github.io.assets/refs/heads/master/assets/category/palworld/pal/Depresso.png
67,Digtoise,https://raw.githubusercontent.com/MythMega/mythmega.github.io.assets/refs/heads/master/assets/category/palworld/pal/Digtoise.png
64,Dinossom,https://raw.githubusercontent.com/MythMega/mythmega.github.io.assets/refs/heads/master/assets/category/palworld/pal/Dinossom.png
64,Dinossom Lux,https://raw.githubusercontent.com/MythMega/mythmega.github.io.assets/refs/heads/master/assets/category/palworld/pal/Dinossom Lux.png
26,Direhowl,https://raw.githubusercontent.com/MythMega/mythmega.github.io.assets/refs/heads/master/assets/category/palworld/pal/Direhowl.png
122,Dogen,https://raw.githubusercontent.com/MythMega/mythmega.github.io.assets/refs/heads/master/assets/category/palworld/pal/Dogen.png
43,Dumud,https://raw.githubusercontent.com/MythMega/mythmega.github.io.assets/refs/heads/master/assets/category/palworld/pal/Dumud.png
43,Dumud Gild,https://raw.githubusercontent.com/MythMega/mythmega.github.io.assets/refs/heads/master/assets/category/palworld/pal/Dumud Gild.png
37,Eikthyrdeer,https://raw.githubusercontent.com/MythMega/mythmega.github.io.assets/refs/heads/master/assets/category/palworld/pal/Eikthyrdeer.png
37,Eikthyrdeer Terra,https://raw.githubusercontent.com/MythMega/mythmega.github.io.assets/refs/heads/master/assets/category/palworld/pal/Eikthyrdeer Terra.png
51,Elizabee,https://raw.githubusercontent.com/MythMega/mythmega.github.io.assets/refs/heads/master/assets/category/palworld/pal/Elizabee.png
80,Elphidran,https://raw.githubusercontent.com/MythMega/mythmega.github.io.assets/refs/heads/master/assets/category/palworld/pal/Elphidran.png
80,Elphidran Aqua,https://raw.githubusercontent.com/MythMega/mythmega.github.io.assets/refs/heads/master/assets/category/palworld/pal/Elphidran Aqua.png
-1,Enchanted Sword,https://raw.githubusercontent.com/MythMega/mythmega.github.io.assets/refs/heads/master/assets/category/palworld/pal/Enchanted Sword.png
-1,Eye of Cthulhu,https://raw.githubusercontent.com/MythMega/mythmega.github.io.assets/refs/heads/master/assets/category/palworld/pal/Eye of Cthulhu.png
105,Faleris,https://raw.githubusercontent.com/MythMega/mythmega.github.io.assets/refs/heads/master/assets/category/palworld/pal/Faleris.png
105,Faleris Aqua,https://raw.githubusercontent.com/MythMega/mythmega.github.io.assets/refs/heads/master/assets/category/palworld/pal/Faleris Aqua.png
94,Felbat,https://raw.githubusercontent.com/MythMega/mythmega.github.io.assets/refs/heads/master/assets/category/palworld/pal/Felbat.png
93,Fenglope,https://raw.githubusercontent.com/MythMega/mythmega.github.io.assets/refs/heads/master/assets/category/palworld/pal/Fenglope.png
93,Fenglope Lux,https://raw.githubusercontent.com/MythMega/mythmega.github.io.assets/refs/heads/master/assets/category/palworld/pal/Fenglope Lux.png
152,Finsider,https://raw.githubusercontent.com/MythMega/mythmega.github.io.assets/refs/heads/master/assets/category/palworld/pal/Finsider.png
152,Finsider Ignis,https://raw.githubusercontent.com/MythMega/mythmega.github.io.assets/refs/heads/master/assets/category/palworld/pal/Finsider Ignis.png
70,Flambelle,https://raw.githubusercontent.com/MythMega/mythmega.github.io.assets/refs/heads/master/assets/category/palworld/pal/Flambelle.png
28,Flopie,https://raw.githubusercontent.com/MythMega/mythmega.github.io.assets/refs/heads/master/assets/category/palworld/pal/Flopie.png
57,Foxcicle,https://raw.githubusercontent.com/MythMega/mythmega.github.io.assets/refs/heads/master/assets/category/palworld/pal/Foxcicle.png
5,Foxparks,https://raw.githubusercontent.com/MythMega/mythmega.github.io.assets/refs/heads/master/assets/category/palworld/pal/Foxparks.png
5,Foxparks Cryst,https://raw.githubusercontent.com/MythMega/mythmega.github.io.assets/refs/heads/master/assets/category/palworld/pal/Foxparks Cryst.png
110,Frostallion,https://raw.githubusercontent.com/MythMega/mythmega.github.io.assets/refs/heads/master/assets/category/palworld/pal/Frostallion.png
110,Frostallion Noct,https://raw.githubusercontent.com/MythMega/mythmega.github.io.assets/refs/heads/master/assets/category/palworld/pal/Frostallion Noct.png
143,Frostplume,https://raw.githubusercontent.com/MythMega/mythmega.github.io.assets/refs/heads/master/assets/category/palworld/pal/Frostplume.png
6,Fuack,https://raw.githubusercontent.com/MythMega/mythmega.github.io.assets/refs/heads/master/assets/category/palworld/pal/Fuack.png
6,Fuack Ignis,https://raw.githubusercontent.com/MythMega/mythmega.github.io.assets/refs/heads/master/assets/category/palworld/pal/Fuack Ignis.png
22,Fuddler,https://raw.githubusercontent.com/MythMega/mythmega.github.io.assets/refs/heads/master/assets/category/palworld/pal/Fuddler.png
47,Galeclaw,https://raw.githubusercontent.com/MythMega/mythmega.github.io.assets/refs/heads/master/assets/category/palworld/pal/Galeclaw.png
153,Ghangler,https://raw.githubusercontent.com/MythMega/mythmega.github.io.assets/refs/heads/master/assets/category/palworld/pal/Ghangler.png
153,Ghangler Ignis,https://raw.githubusercontent.com/MythMega/mythmega.github.io.assets/refs/heads/master/assets/category/palworld/pal/Ghangler Ignis.png
140,Gildane,https://raw.githubusercontent.com/MythMega/mythmega.github.io.assets/refs/heads/master/assets/category/palworld/pal/Gildane.png
151,Gloopie,https://raw.githubusercontent.com/MythMega/mythmega.github.io.assets/refs/heads/master/assets/category/palworld/pal/Gloopie.png
31,Gobfin,https://raw.githubusercontent.com/MythMega/mythmega.github.io.assets/refs/heads/master/assets/category/palworld/pal/Gobfin.png
31,Gobfin Ignis,https://raw.githubusercontent.com/MythMega/mythmega.github.io.assets/refs/heads/master/assets/category/palworld/pal/Gobfin Ignis.png
49,Gorirat,https://raw.githubusercontent.com/MythMega/mythmega.github.io.assets/refs/heads/master/assets/category/palworld/pal/Gorirat.png
49,Gorirat Terra,https://raw.githubusercontent.com/MythMega/mythmega.github.io.assets/refs/heads/master/assets/category/palworld/pal/Gorirat Terra.png
-1,Green Slime,https://raw.githubusercontent.com/MythMega/mythmega.github.io.assets/refs/heads/master/assets/category/palworld/pal/Green Slime.png
52,Grintale,https://raw.githubusercontent.com/MythMega/mythmega.github.io.assets/refs/heads/master/assets/category/palworld/pal/Grintale.png
103,Grizzbolt,https://raw.githubusercontent.com/MythMega/mythmega.github.io.assets/refs/heads/master/assets/category/palworld/pal/Grizzbolt.png
13,Gumoss,https://raw.githubusercontent.com/MythMega/mythmega.github.io.assets/refs/heads/master/assets/category/palworld/pal/Gumoss.png
32,Hangyu,https://raw.githubusercontent.com/MythMega/mythmega.github.io.assets/refs/heads/master/assets/category/palworld/pal/Hangyu.png
32,Hangyu Cryst,https://raw.githubusercontent.com/MythMega/mythmega.github.io.assets/refs/heads/master/assets/category/palworld/pal/Hangyu Cryst.png
97,Helzephyr,https://raw.githubusercontent.com/MythMega/mythmega.github.io.assets/refs/heads/master/assets/category/palworld/pal/Helzephyr.png
97,Helzephyr Lux,https://raw.githubusercontent.com/MythMega/mythmega.github.io.assets/refs/heads/master/assets/category/palworld/pal/Helzephyr Lux.png
141,Herbil,https://raw.githubusercontent.com/MythMega/mythmega.github.io.assets/refs/heads/master/assets/category/palworld/pal/Herbil.png
15,Hoocrates,https://raw.githubusercontent.com/MythMega/mythmega.github.io.assets/refs/heads/master/assets/category/palworld/pal/Hoocrates.png
142,Icelyn,https://raw.githubusercontent.com/MythMega/mythmega.github.io.assets/refs/heads/master/assets/category/palworld/pal/Icelyn.png
-1,Illuminant Bat,https://raw.githubusercontent.com/MythMega/mythmega.github.io.assets/refs/heads/master/assets/category/palworld/pal/Illuminant Bat.png
-1,Illuminant Slime,https://raw.githubusercontent.com/MythMega/mythmega.github.io.assets/refs/heads/master/assets/category/palworld/pal/Illuminant Slime.png
40,Incineram,https://raw.githubusercontent.com/MythMega/mythmega.github.io.assets/refs/heads/master/assets/category/palworld/pal/Incineram.png
40,Incineram Noct,https://raw.githubusercontent.com/MythMega/mythmega.github.io.assets/refs/heads/master/assets/category/palworld/pal/Incineram Noct.png
150,Jelliette,https://raw.githubusercontent.com/MythMega/mythmega.github.io.assets/refs/heads/master/assets/category/palworld/pal/Jelliette.png
149,Jellroy,https://raw.githubusercontent.com/MythMega/mythmega.github.io.assets/refs/heads/master/assets/category/palworld/pal/Jellroy.png
111,Jetragon,https://raw.githubusercontent.com/MythMega/mythmega.github.io.assets/refs/heads/master/assets/category/palworld/pal/Jetragon.png
12,Jolthog,https://raw.githubusercontent.com/MythMega/mythmega.github.io.assets/refs/heads/master/assets/category/palworld/pal/Jolthog.png
12,Jolthog Cryst,https://raw.githubusercontent.com/MythMega/mythmega.github.io.assets/refs/heads/master/assets/category/palworld/pal/Jolthog Cryst.png
101,Jormuntide,https://raw.githubusercontent.com/MythMega/mythmega.github.io.assets/refs/heads/master/assets/category/palworld/pal/Jormuntide.png
101,Jormuntide Ignis,https://raw.githubusercontent.com/MythMega/mythmega.github.io.assets/refs/heads/master/assets/category/palworld/pal/Jormuntide Ignis.png
75,Katress,https://raw.githubusercontent.com/MythMega/mythmega.github.io.assets/refs/heads/master/assets/category/palworld/pal/Katress.png
75,Katress Ignis,https://raw.githubusercontent.com/MythMega/mythmega.github.io.assets/refs/heads/master/assets/category/palworld/pal/Katress Ignis.png
81,Kelpsea,https://raw.githubusercontent.com/MythMega/mythmega.github.io.assets/refs/heads/master/assets/category/palworld/pal/Kelpsea.png
81,Kelpsea Ignis,https://raw.githubusercontent.com/MythMega/mythmega.github.io.assets/refs/heads/master/assets/category/palworld/pal/Kelpsea Ignis.png
117,Kikit,https://raw.githubusercontent.com/MythMega/mythmega.github.io.assets/refs/heads/master/assets/category/palworld/pal/Kikit.png
23,Killamari,https://raw.githubusercontent.com/MythMega/mythmega.github.io.assets/refs/heads/master/assets/category/palworld/pal/Killamari.png
23,Killamari Primo,https://raw.githubusercontent.com/MythMega/mythmega.github.io.assets/refs/heads/master/assets/category/palworld/pal/Killamari Primo.png
89,Kingpaca,https://raw.githubusercontent.com/MythMega/mythmega.github.io.assets/refs/heads/master/assets/category/palworld/pal/Kingpaca.png
89,Kingpaca Cryst,https://raw.githubusercontent.com/MythMega/mythmega.github.io.assets/refs/heads/master/assets/category/palworld/pal/Kingpaca Cryst.png
61,Kitsun,https://raw.githubusercontent.com/MythMega/mythmega.github.io.assets/refs/heads/master/assets/category/palworld/pal/Kitsun.png
61,Kitsun Noct,https://raw.githubusercontent.com/MythMega/mythmega.github.io.assets/refs/heads/master/assets/category/palworld/pal/Kitsun Noct.png
120,Knocklem,https://raw.githubusercontent.com/MythMega/mythmega.github.io.assets/refs/heads/master/assets/category/palworld/pal/Knocklem.png
1,Lamball,https://raw.githubusercontent.com/MythMega/mythmega.github.io.assets/refs/heads/master/assets/category/palworld/pal/Lamball.png
45,Leezpunk,https://raw.githubusercontent.com/MythMega/mythmega.github.io.assets/refs/heads/master/assets/category/palworld/pal/Leezpunk.png
45,Leezpunk Ignis,https://raw.githubusercontent.com/MythMega/mythmega.github.io.assets/refs/heads/master/assets/category/palworld/pal/Leezpunk Ignis.png
4,Lifmunk,https://raw.githubusercontent.com/MythMega/mythmega.github.io.assets/refs/heads/master/assets/category/palworld/pal/Lifmunk.png
46,Loupmoon,https://raw.githubusercontent.com/MythMega/mythmega.github.io.assets/refs/heads/master/assets/category/palworld/pal/Loupmoon.png
46,Loupmoon Cryst,https://raw.githubusercontent.com/MythMega/mythmega.github.io.assets/refs/heads/master/assets/category/palworld/pal/Loupmoon Cryst.png
69,Lovander,https://raw.githubusercontent.com/MythMega/mythmega.github.io.assets/refs/heads/master/assets/category/palworld/pal/Lovander.png
115,Lullu,https://raw.githubusercontent.com/MythMega/mythmega.github.io.assets/refs/heads/master/assets/category/palworld/pal/Lullu.png
63,Lunaris,https://raw.githubusercontent.com/MythMega/mythmega.github.io.assets/refs/heads/master/assets/category/palworld/pal/Lunaris.png
104,Lyleen,https://raw.githubusercontent.com/MythMega/mythmega.github.io.assets/refs/heads/master/assets/category/palworld/pal/Lyleen.png
104,Lyleen Noct,https://raw.githubusercontent.com/MythMega/mythmega.github.io.assets/refs/heads/master/assets/category/palworld/pal/Lyleen Noct.png
90,Mammorest,https://raw.githubusercontent.com/MythMega/mythmega.github.io.assets/refs/heads/master/assets/category/palworld/pal/Mammorest.png
90,Mammorest Cryst,https://raw.githubusercontent.com/MythMega/mythmega.github.io.assets/refs/heads/master/assets/category/palworld/pal/Mammorest Cryst.png
66,Maraith,https://raw.githubusercontent.com/MythMega/mythmega.github.io.assets/refs/heads/master/assets/category/palworld/pal/Maraith.png
24,Mau,https://raw.githubusercontent.com/MythMega/mythmega.github.io.assets/refs/heads/master/assets/category/palworld/pal/Mau.png
24,Mau Cryst,https://raw.githubusercontent.com/MythMega/mythmega.github.io.assets/refs/heads/master/assets/category/palworld/pal/Mau Cryst.png
36,Melpaca,https://raw.githubusercontent.com/MythMega/mythmega.github.io.assets/refs/heads/master/assets/category/palworld/pal/Melpaca.png
99,Menasting,https://raw.githubusercontent.com/MythMega/mythmega.github.io.assets/refs/heads/master/assets/category/palworld/pal/Menasting.png
99,Menasting Terra,https://raw.githubusercontent.com/MythMega/mythmega.github.io.assets/refs/heads/master/assets/category/palworld/pal/Menasting Terra.png
124,Mimog,https://raw.githubusercontent.com/MythMega/mythmega.github.io.assets/refs/heads/master/assets/category/palworld/pal/Mimog.png
33,Mossanda,https://raw.githubusercontent.com/MythMega/mythmega.github.io.assets/refs/heads/master/assets/category/palworld/pal/Mossanda.png
33,Mossanda Lux,https://raw.githubusercontent.com/MythMega/mythmega.github.io.assets/refs/heads/master/assets/category/palworld/pal/Mossanda Lux.png
29,Mozzarina,https://raw.githubusercontent.com/MythMega/mythmega.github.io.assets/refs/heads/master/assets/category/palworld/pal/Mozzarina.png
146,Munchill,https://raw.githubusercontent.com/MythMega/mythmega.github.io.assets/refs/heads/master/assets/category/palworld/pal/Munchill.png
109,Necromus,https://raw.githubusercontent.com/MythMega/mythmega.github.io.assets/refs/heads/master/assets/category/palworld/pal/Necromus.png
155,Neptilius,https://raw.githubusercontent.com/MythMega/mythmega.github.io.assets/refs/heads/master/assets/category/palworld/pal/Neptilius.png
128,Nitemary,https://raw.githubusercontent.com/MythMega/mythmega.github.io.assets/refs/heads/master/assets/category/palworld/pal/Nitemary.png
38,Nitewing,https://raw.githubusercontent.com/MythMega/mythmega.github.io.assets/refs/heads/master/assets/category/palworld/pal/Nitewing.png
21,Nox,https://raw.githubusercontent.com/MythMega/mythmega.github.io.assets/refs/heads/master/assets/category/palworld/pal/Nox.png
133,Omascul,https://raw.githubusercontent.com/MythMega/mythmega.github.io.assets/refs/heads/master/assets/category/palworld/pal/Omascul.png
106,Orserk,https://raw.githubusercontent.com/MythMega/mythmega.github.io.assets/refs/heads/master/assets/category/palworld/pal/Orserk.png
108,Paladius,https://raw.githubusercontent.com/MythMega/mythmega.github.io.assets/refs/heads/master/assets/category/palworld/pal/Paladius.png
144,Palumba,https://raw.githubusercontent.com/MythMega/mythmega.github.io.assets/refs/heads/master/assets/category/palworld/pal/Palumba.png
10,Pengullet,https://raw.githubusercontent.com/MythMega/mythmega.github.io.assets/refs/heads/master/assets/category/palworld/pal/Pengullet.png
10,Pengullet Lux,https://raw.githubusercontent.com/MythMega/mythmega.github.io.assets/refs/heads/master/assets/category/palworld/pal/Pengullet Lux.png
11,Penking,https://raw.githubusercontent.com/MythMega/mythmega.github.io.assets/refs/heads/master/assets/category/palworld/pal/Penking.png
11,Penking Lux,https://raw.githubusercontent.com/MythMega/mythmega.github.io.assets/refs/heads/master/assets/category/palworld/pal/Penking Lux.png
87,Petallia,https://raw.githubusercontent.com/MythMega/mythmega.github.io.assets/refs/heads/master/assets/category/palworld/pal/Petallia.png
147,Polapup,https://raw.githubusercontent.com/MythMega/mythmega.github.io.assets/refs/heads/master/assets/category/palworld/pal/Polapup.png
119,Prixter,https://raw.githubusercontent.com/MythMega/mythmega.github.io.assets/refs/heads/master/assets/category/palworld/pal/Prixter.png
138,Prunelia,https://raw.githubusercontent.com/MythMega/mythmega.github.io.assets/refs/heads/master/assets/category/palworld/pal/Prunelia.png
-1,Purple Slime,https://raw.githubusercontent.com/MythMega/mythmega.github.io.assets/refs/heads/master/assets/category/palworld/pal/Purple Slime.png
58,Pyrin,https://raw.githubusercontent.com/MythMega/mythmega.github.io.assets/refs/heads/master/assets/category/palworld/pal/Pyrin.png
58,Pyrin Noct,https://raw.githubusercontent.com/MythMega/mythmega.github.io.assets/refs/heads/master/assets/category/palworld/pal/Pyrin Noct.png
95,Quivern,https://raw.githubusercontent.com/MythMega/mythmega.github.io.assets/refs/heads/master/assets/category/palworld/pal/Quivern.png
95,Quivern Botan,https://raw.githubusercontent.com/MythMega/mythmega.github.io.assets/refs/heads/master/assets/category/palworld/pal/Quivern Botan.png
74,Ragnahawk,https://raw.githubusercontent.com/MythMega/mythmega.github.io.assets/refs/heads/master/assets/category/palworld/pal/Ragnahawk.png
-1,Rainbow Slime,https://raw.githubusercontent.com/MythMega/mythmega.github.io.assets/refs/heads/master/assets/category/palworld/pal/Rainbow Slime.png
60,Rayhound,https://raw.githubusercontent.com/MythMega/mythmega.github.io.assets/refs/heads/master/assets/category/palworld/pal/Rayhound.png
-1,Red Slime,https://raw.githubusercontent.com/MythMega/mythmega.github.io.assets/refs/heads/master/assets/category/palworld/pal/Red Slime.png
59,Reindrix,https://raw.githubusercontent.com/MythMega/mythmega.github.io.assets/refs/heads/master/assets/category/palworld/pal/Reindrix.png
85,Relaxaurus,https://raw.githubusercontent.com/MythMega/mythmega.github.io.assets/refs/heads/master/assets/category/palworld/pal/Relaxaurus.png
85,Relaxaurus Lux,https://raw.githubusercontent.com/MythMega/mythmega.github.io.assets/refs/heads/master/assets/category/palworld/pal/Relaxaurus Lux.png
88,Reptyro,https://raw.githubusercontent.com/MythMega/mythmega.github.io.assets/refs/heads/master/assets/category/palworld/pal/Reptyro.png
88,Reptyro Cryst,https://raw.githubusercontent.com/MythMega/mythmega.github.io.assets/refs/heads/master/assets/category/palworld/pal/Reptyro Cryst.png
39,Ribbuny,https://raw.githubusercontent.com/MythMega/mythmega.github.io.assets/refs/heads/master/assets/category/palworld/pal/Ribbuny.png
39,Ribbuny Botan,https://raw.githubusercontent.com/MythMega/mythmega.github.io.assets/refs/heads/master/assets/category/palworld/pal/Ribbuny Botan.png
48,Robinquill,https://raw.githubusercontent.com/MythMega/mythmega.github.io.assets/refs/heads/master/assets/category/palworld/pal/Robinquill.png
48,Robinquill Terra,https://raw.githubusercontent.com/MythMega/mythmega.github.io.assets/refs/heads/master/assets/category/palworld/pal/Robinquill Terra.png
9,Rooby,https://raw.githubusercontent.com/MythMega/mythmega.github.io.assets/refs/heads/master/assets/category/palworld/pal/Rooby.png
20,Rushoar,https://raw.githubusercontent.com/MythMega/mythmega.github.io.assets/refs/heads/master/assets/category/palworld/pal/Rushoar.png
113,Selyne,https://raw.githubusercontent.com/MythMega/mythmega.github.io.assets/refs/heads/master/assets/category/palworld/pal/Selyne.png
107,Shadowbeak,https://raw.githubusercontent.com/MythMega/mythmega.github.io.assets/refs/heads/master/assets/category/palworld/pal/Shadowbeak.png
116,Shroomer,https://raw.githubusercontent.com/MythMega/mythmega.github.io.assets/refs/heads/master/assets/category/palworld/pal/Shroomer.png
116,Shroomer Noct,https://raw.githubusercontent.com/MythMega/mythmega.github.io.assets/refs/heads/master/assets/category/palworld/pal/Shroomer Noct.png
79,Sibelyx,https://raw.githubusercontent.com/MythMega/mythmega.github.io.assets/refs/heads/master/assets/category/palworld/pal/Sibelyx.png
130,Silvegis,https://raw.githubusercontent.com/MythMega/mythmega.github.io.assets/refs/heads/master/assets/category/palworld/pal/Silvegis.png
131,Smokie,https://raw.githubusercontent.com/MythMega/mythmega.github.io.assets/refs/heads/master/assets/category/palworld/pal/Smokie.png
118,Sootseer,https://raw.githubusercontent.com/MythMega/mythmega.github.io.assets/refs/heads/master/assets/category/palworld/pal/Sootseer.png
7,Sparkit,https://raw.githubusercontent.com/MythMega/mythmega.github.io.assets/refs/heads/master/assets/category/palworld/pal/Sparkit.png
134,Splatterina,https://raw.githubusercontent.com/MythMega/mythmega.github.io.assets/refs/heads/master/assets/category/palworld/pal/Splatterina.png
129,Starryon,https://raw.githubusercontent.com/MythMega/mythmega.github.io.assets/refs/heads/master/assets/category/palworld/pal/Starryon.png
65,Surfent,https://raw.githubusercontent.com/MythMega/mythmega.github.io.assets/refs/heads/master/assets/category/palworld/pal/Surfent.png
65,Surfent Terra,https://raw.githubusercontent.com/MythMega/mythmega.github.io.assets/refs/heads/master/assets/category/palworld/pal/Surfent Terra.png
102,Suzaku,https://raw.githubusercontent.com/MythMega/mythmega.github.io.assets/refs/heads/master/assets/category/palworld/pal/Suzaku.png
102,Suzaku Aqua,https://raw.githubusercontent.com/MythMega/mythmega.github.io.assets/refs/heads/master/assets/category/palworld/pal/Suzaku Aqua.png
53,Swee,https://raw.githubusercontent.com/MythMega/mythmega.github.io.assets/refs/heads/master/assets/category/palworld/pal/Swee.png
54,Sweepa,https://raw.githubusercontent.com/MythMega/mythmega.github.io.assets/refs/heads/master/assets/category/palworld/pal/Sweepa.png
8,Tanzee,https://raw.githubusercontent.com/MythMega/mythmega.github.io.assets/refs/heads/master/assets/category/palworld/pal/Tanzee.png
135,Tarantriss,https://raw.githubusercontent.com/MythMega/mythmega.github.io.assets/refs/heads/master/assets/category/palworld/pal/Tarantriss.png
16,Teafant,https://raw.githubusercontent.com/MythMega/mythmega.github.io.assets/refs/heads/master/assets/category/palworld/pal/Teafant.png
27,Tocotoco,https://raw.githubusercontent.com/MythMega/mythmega.github.io.assets/refs/heads/master/assets/category/palworld/pal/Tocotoco.png
68,Tombat,https://raw.githubusercontent.com/MythMega/mythmega.github.io.assets/refs/heads/master/assets/category/palworld/pal/Tombat.png
148,Turtacle,https://raw.githubusercontent.com/MythMega/mythmega.github.io.assets/refs/heads/master/assets/category/palworld/pal/Turtacle.png
148,Turtacle Terra,https://raw.githubusercontent.com/MythMega/mythmega.github.io.assets/refs/heads/master/assets/category/palworld/pal/Turtacle Terra.png
56,Univolt,https://raw.githubusercontent.com/MythMega/mythmega.github.io.assets/refs/heads/master/assets/category/palworld/pal/Univolt.png
78,Vaelet,https://raw.githubusercontent.com/MythMega/mythmega.github.io.assets/refs/heads/master/assets/category/palworld/pal/Vaelet.png
71,Vanwyrm,https://raw.githubusercontent.com/MythMega/mythmega.github.io.assets/refs/heads/master/assets/category/palworld/pal/Vanwyrm.png
71,Vanwyrm Cryst,https://raw.githubusercontent.com/MythMega/mythmega.github.io.assets/refs/heads/master/assets/category/palworld/pal/Vanwyrm Cryst.png
77,Verdash,https://raw.githubusercontent.com/MythMega/mythmega.github.io.assets/refs/heads/master/assets/category/palworld/pal/Verdash.png
14,Vixy,https://raw.githubusercontent.com/MythMega/mythmega.github.io.assets/refs/heads/master/assets/category/palworld/pal/Vixy.png
92,Warsect Terra,https://raw.githubusercontent.com/MythMega/mythmega.github.io.assets/refs/heads/master/assets/category/palworld/pal/Warsect Terra.png
154,Whalaska,https://raw.githubusercontent.com/MythMega/mythmega.github.io.assets/refs/heads/master/assets/category/palworld/pal/Whalaska.png
154,Whalaska Ignis,https://raw.githubusercontent.com/MythMega/mythmega.github.io.assets/refs/heads/master/assets/category/palworld/pal/Whalaska Ignis.png
76,Wixen,https://raw.githubusercontent.com/MythMega/mythmega.github.io.assets/refs/heads/master/assets/category/palworld/pal/Wixen.png
76,Wixen Noct,https://raw.githubusercontent.com/MythMega/mythmega.github.io.assets/refs/heads/master/assets/category/palworld/pal/Wixen Noct.png
34,Woolipop,https://raw.githubusercontent.com/MythMega/mythmega.github.io.assets/refs/heads/master/assets/category/palworld/pal/Woolipop.png
91,Wumpo,https://raw.githubusercontent.com/MythMega/mythmega.github.io.assets/refs/heads/master/assets/category/palworld/pal/Wumpo.png
91,Wumpo Botan,https://raw.githubusercontent.com/MythMega/mythmega.github.io.assets/refs/heads/master/assets/category/palworld/pal/Wumpo Botan.png
126,Xenogard,https://raw.githubusercontent.com/MythMega/mythmega.github.io.assets/refs/heads/master/assets/category/palworld/pal/Xenogard.png
125,Xenovader,https://raw.githubusercontent.com/MythMega/mythmega.github.io.assets/refs/heads/master/assets/category/palworld/pal/Xenovader.png
121,Yakumo,https://raw.githubusercontent.com/MythMega/mythmega.github.io.assets/refs/heads/master/assets/category/palworld/pal/Yakumo.png
